One-pronged,0.6433,left-middle-right-middle#2,LRRLRLRRLLRRLLRRLRLLLRRRLL,LLRRLRLRRLLRRLLRRLRLLLRRRLL,1.0,0.9629629629629629
One-pronged,0.6433,left-middle-right-middle,RLL_LRLRLLRLRLLRL,LLRRLRLRLRRLRLRRL,5.0,0.7058823529411765
One-pronged,0.6433,left-middle-right-steph,LLLLRRRLLRRLR,RRLLRLRRLRRLLRR,6.0,0.6
One-pronged,0.6433,left-middle-right-steph2,LLLRRRLLLRRLLLLL,RRRLLRLRLRRLLRLR,8.0,0.5
One-pronged,0.6433,left-middle,RRRRLRRRRRRRRRR,LLLLLLLLLLLLLL,14.0,0.0
One-pronged,0.6433,right-middle,LRRLRLRLRLLRLR,RRRRRRRRRRRRRRR,8.0,0.4666666666666667
One-pronged,0.6569050505050504,left-middle-right-middle#2,LRRLRLRRLLRRLLRRLRLLLRRRLL,LLRRLRLRRLLRRLLRRLRLLLRRRLL,1.0,0.9629629629629629
One-pronged,0.6569050505050504,left-middle-right-middle,RLLRLRLRLLRLRLLRL,LLRRLRLRLRRLRLRRL,4.0,0.7647058823529411
One-pronged,0.6569050505050504,left-middle-right-steph,LLLLRRRLLRRLR,RRLLRLRRLRRLLRR,6.0,0.6
One-pronged,0.6569050505050504,left-middle-right-steph2,RLLRRRLLLLRLLLLL,RRRLLRLRLRRLLRLR,8.0,0.5
One-pronged,0.6569050505050504,left-middle,RRRRLRRRRRRRRRR,LLLLLLLLLLLLLL,14.0,0.0
One-pronged,0.6569050505050504,right-middle,LRRLRLRLRLLRLL,RRRRRRRRRRRRRRR,9.0,0.4
One-pronged,0.6706101010101011,left-middle-right-middle#2,LRRLRLRRLLRRLLRRLRLLLRRRLL,LLRRLRLRRLLRRLLRRLRLLLRRRLL,1.0,0.9629629629629629
One-pronged,0.6706101010101011,left-middle-right-middle,RLLRLRLRLLRLRLLRL,LLRRLRLRLRRLRLRRL,4.0,0.7647058823529411
One-pronged,0.6706101010101011,left-middle-right-steph,LLLLRRRLLRRLR,RRLLRLRRLRRLLRR,6.0,0.6
One-pronged,0.6706101010101011,left-middle-right-steph2,RLLRRRLLLLRLLLLL,RRRLLRLRLRRLLRLR,8.0,0.5
One-pronged,0.6706101010101011,left-middle,RRRRLRRRRRRRRRL,LLLLLLLLLLLLLL,13.0,0.07142857142857142
One-pronged,0.6706101010101011,right-middle,LRRLRLRLRLLRLR,RRRRRRRRRRRRRRR,8.0,0.4666666666666667
One-pronged,0.6843151515151515,left-middle-right-middle#2,LRRLRLRRLLRRLLRRLRLLLRRRLL,LLRRLRLRRLLRRLLRRLRLLLRRRLL,1.0,0.9629629629629629
One-pronged,0.6843151515151515,left-middle-right-middle,RLLRLRLRRLRLRLLRL,LLRRLRLRLRRLRLRRL,5.0,0.7058823529411765
One-pronged,0.6843151515151515,left-middle-right-steph,LLLLRRRRLRRLR,RRLLRLRRLRRLLRR,5.0,0.6666666666666666
One-pronged,0.6843151515151515,left-middle-right-steph2,RRLRRRLLLRRLLLLL,RRRLLRLRLRRLLRLR,6.0,0.625
One-pronged,0.6843151515151515,left-middle,RRRLLRRRRRRRRRL,LLLLLLLLLLLLLL,12.0,0.14285714285714285
One-pronged,0.6843151515151515,right-middle,LRRLRLRLRLLRLR,RRRRRRRRRRRRRRR,8.0,0.4666666666666667
One-pronged,0.698020202020202,left-middle-right-middle#2,LRRLRLRRLLRRLLRRLRLLLRR_LL,LLRRLRLRRLLRRLLRRLRLLLRRRLL,2.0,0.9259259259259259
One-pronged,0.698020202020202,left-middle-right-middle,RLLRLRLRLLRLRLLRL,LLRRLRLRLRRLRLRRL,4.0,0.7647058823529411
One-pronged,0.698020202020202,left-middle-right-steph,LLLLRRRLLRRLR,RRLLRLRRLRRLLRR,6.0,0.6
One-pronged,0.698020202020202,left-middle-right-steph2,LLLRLRLLLLRLLLLL,RRRLLRLRLRRLLRLR,8.0,0.5
One-pronged,0.698020202020202,left-middle,RRRRLRRRRRRRRRR,LLLLLLLLLLLLLL,14.0,0.0
One-pronged,0.698020202020202,right-middle,LRRLRLLLRLLRLL,RRRRRRRRRRRRRRR,10.0,0.3333333333333333
One-pronged,0.7117252525252524,left-middle-right-middle#2,LRRLRLRRLLRRLLLRLRLLLRR_LL,LLRRLRLRRLLRRLLRRLRLLLRRRLL,3.0,0.8888888888888888
One-pronged,0.7117252525252524,left-middle-right-middle,RLLRLRLRLLRLRLLRL,LLRRLRLRLRRLRLRRL,4.0,0.7647058823529411
One-pronged,0.7117252525252524,left-middle-right-steph,LLLLRRRLLRRLR,RRLLRLRRLRRLLRR,6.0,0.6
One-pronged,0.7117252525252524,left-middle-right-steph2,LLLRRRLLLLRLLLLL,RRRLLRLRLRRLLRLR,8.0,0.5
One-pronged,0.7117252525252524,left-middle,RRRRLRRRRRRRRRL,LLLLLLLLLLLLLL,13.0,0.07142857142857142
One-pronged,0.7117252525252524,right-middle,LRRLRLRLRLLRLL,RRRRRRRRRRRRRRR,9.0,0.4
One-pronged,0.7254303030303031,left-middle-right-middle#2,LRRLRLRRLLRRLLRRLRLLLRRRLL,LLRRLRLRRLLRRLLRRLRLLLRRRLL,1.0,0.9629629629629629
One-pronged,0.7254303030303031,left-middle-right-middle,RLLRLRLRLLRLRLLRL,LLRRLRLRLRRLRLRRL,4.0,0.7647058823529411
One-pronged,0.7254303030303031,left-middle-right-steph,LLLLRRRLLRRLR,RRLLRLRRLRRLLRR,6.0,0.6
One-pronged,0.7254303030303031,left-middle-right-steph2,LLLRLRLLLLRLLLLL,RRRLLRLRLRRLLRLR,8.0,0.5
One-pronged,0.7254303030303031,left-middle,RRRRLRRRRRRRRRL,LLLLLLLLLLLLLL,13.0,0.07142857142857142
One-pronged,0.7254303030303031,right-middle,LRRLRLRLRLLRLR,RRRRRRRRRRRRRRR,8.0,0.4666666666666667
One-pronged,0.7391353535353535,left-middle-right-middle#2,LRRLRLRRLLRRLLLRLRLLLRRRLL,LLRRLRLRRLLRRLLRRLRLLLRRRLL,2.0,0.9259259259259259
One-pronged,0.7391353535353535,left-middle-right-middle,RLLRLRLRLLRLRLLRL,LLRRLRLRLRRLRLRRL,4.0,0.7647058823529411
One-pronged,0.7391353535353535,left-middle-right-steph,LLLLRRRLLRRLR,RRLLRLRRLRRLLRR,6.0,0.6
One-pronged,0.7391353535353535,left-middle-right-steph2,LLLRLRLLLLRLLLLL,RRRLLRLRLRRLLRLR,8.0,0.5
One-pronged,0.7391353535353535,left-middle,RRRRLRRRRRRRRRL,LLLLLLLLLLLLLL,13.0,0.07142857142857142
One-pronged,0.7391353535353535,right-middle,LRRLRLLLRLLRLL,RRRRRRRRRRRRRRR,10.0,0.3333333333333333
One-pronged,0.752840404040404,left-middle-right-middle#2,LRRLRLRRLLRRLLRRLRLLLRRRLL,LLRRLRLRRLLRRLLRRLRLLLRRRLL,1.0,0.9629629629629629
One-pronged,0.752840404040404,left-middle-right-middle,RLLRLRLRLLRLRLLRL,LLRRLRLRLRRLRLRRL,4.0,0.7647058823529411
One-pronged,0.752840404040404,left-middle-right-steph,LLLLRRRLLRRLR,RRLLRLRRLRRLLRR,6.0,0.6
One-pronged,0.752840404040404,left-middle-right-steph2,LLLRLRLRLLRRLLLL,RRRLLRLRLRRLLRLR,7.0,0.5625
One-pronged,0.752840404040404,left-middle,RRRRLRRRRRRRRRL,LLLLLLLLLLLLLL,13.0,0.07142857142857142
One-pronged,0.752840404040404,right-middle,LRRLLLLLRLLLLL,RRRRRRRRRRRRRRR,12.0,0.2
One-pronged,0.7665454545454546,left-middle-right-middle#2,LRRLRLRRLLRRLLRRLRLLLRRRLL,LLRRLRLRRLLRRLLRRLRLLLRRRLL,1.0,0.9629629629629629
One-pronged,0.7665454545454546,left-middle-right-middle,RLLRLRLRLLRLRLLRL,LLRRLRLRLRRLRLRRL,4.0,0.7647058823529411
One-pronged,0.7665454545454546,left-middle-right-steph,LLLLRLRLLRRLR,RRLLRLRRLRRLLRR,5.0,0.6666666666666666
One-pronged,0.7665454545454546,left-middle-right-steph2,LLLRLRLLLLRRLLLL,RRRLLRLRLRRLLRLR,8.0,0.5
One-pronged,0.7665454545454546,left-middle,RRRRLRRRRRRRRRL,LLLLLLLLLLLLLL,13.0,0.07142857142857142
One-pronged,0.7665454545454546,right-middle,LRRLRLLLRLLLLL,RRRRRRRRRRRRRRR,11.0,0.26666666666666666
One-pronged,0.7802505050505051,left-middle-right-middle#2,LRRLRLRRLLRRLLRRLRLLLRR_LL,LLRRLRLRRLLRRLLRRLRLLLRRRLL,2.0,0.9259259259259259
One-pronged,0.7802505050505051,left-middle-right-middle,RLLRLRLRLLRLRLLRL,LLRRLRLRLRRLRLRRL,4.0,0.7647058823529411
One-pronged,0.7802505050505051,left-middle-right-steph,LLLLRRRLLRRLR,RRLLRLRRLRRLLRR,6.0,0.6
One-pronged,0.7802505050505051,left-middle-right-steph2,LLLRLRLRLLRLLRLL,RRRLLRLRLRRLLRLR,6.0,0.625
One-pronged,0.7802505050505051,left-middle,RRRRLRRRRRRRRRL,LLLLLLLLLLLLLL,13.0,0.07142857142857142
One-pronged,0.7802505050505051,right-middle,LRRLRLLLLLLLLL,RRRRRRRRRRRRRRR,12.0,0.2
One-pronged,0.7939555555555555,left-middle-right-middle#2,LRRLRLRRLLRRLLRRLRLLLRRRLL,LLRRLRLRRLLRRLLRRLRLLLRRRLL,1.0,0.9629629629629629
One-pronged,0.7939555555555555,left-middle-right-middle,RLLRLRLRLLRLRLLRL,LLRRLRLRLRRLRLRRL,4.0,0.7647058823529411
One-pronged,0.7939555555555555,left-middle-right-steph,LLLLRRRLLRRLR,RRLLRLRRLRRLLRR,6.0,0.6
One-pronged,0.7939555555555555,left-middle-right-steph2,LLLRLRLLLLRLLLLL,RRRLLRLRLRRLLRLR,8.0,0.5
One-pronged,0.7939555555555555,left-middle,RRRRLRRRRRRRRRL,LLLLLLLLLLLLLL,13.0,0.07142857142857142
One-pronged,0.7939555555555555,right-middle,LRLLRLLLRLLLLL,RRRRRRRRRRRRRRR,12.0,0.2
One-pronged,0.807660606060606,left-middle-right-middle#2,LRRLRLRRLRRRLLLRLRLLLRRRLL,LLRRLRLRRLLRRLLRRLRLLLRRRLL,3.0,0.8888888888888888
One-pronged,0.807660606060606,left-middle-right-middle,RLLRLRLRLLRLRLLRL,LLRRLRLRLRRLRLRRL,4.0,0.7647058823529411
One-pronged,0.807660606060606,left-middle-right-steph,LLLLLLRLLRRLL,RRLLRLRRLRRLLRR,6.0,0.6
One-pronged,0.807660606060606,left-middle-right-steph2,LLRRLRLRLLRRLRLL,RRRLLRLRLRRLLRLR,6.0,0.625
One-pronged,0.807660606060606,left-middle,RRRRLRRRRRRRRRL,LLLLLLLLLLLLLL,13.0,0.07142857142857142
One-pronged,0.807660606060606,right-middle,LRLLLLLLLLLLLL,RRRRRRRRRRRRRRR,14.0,0.06666666666666667
One-pronged,0.8213656565656566,left-middle-right-middle#2,LRRLRLRRLLRRLLRRLRLLLRRRLL,LLRRLRLRRLLRRLLRRLRLLLRRRLL,1.0,0.9629629629629629
One-pronged,0.8213656565656566,left-middle-right-middle,RLLRLRLRLLRLRLLRL,LLRRLRLRLRRLRLRRL,4.0,0.7647058823529411
One-pronged,0.8213656565656566,left-middle-right-steph,LLLLLLRLLRRLL,RRLLRLRRLRRLLRR,6.0,0.6
One-pronged,0.8213656565656566,left-middle-right-steph2,LLRRLRLRLLRRLRLL,RRRLLRLRLRRLLRLR,6.0,0.625
One-pronged,0.8213656565656566,left-middle,RRRRLRRRRRRRRRL,LLLLLLLLLLLLLL,13.0,0.07142857142857142
One-pronged,0.8213656565656566,right-middle,LLLLLLLLLLLLLL,RRRRRRRRRRRRRRR,15.0,0.0
One-pronged,0.8350707070707071,left-middle-right-middle#2,LRRLRLRRLLRRLLRRLRLLLRRRLL,LLRRLRLRRLLRRLLRRLRLLLRRRLL,1.0,0.9629629629629629
One-pronged,0.8350707070707071,left-middle-right-middle,RLLRLRLRLLRLRLLRL,LLRRLRLRLRRLRLRRL,4.0,0.7647058823529411
One-pronged,0.8350707070707071,left-middle-right-steph,LLLLLLRLLRRLL,RRLLRLRRLRRLLRR,6.0,0.6
One-pronged,0.8350707070707071,left-middle-right-steph2,LLRRLRLRLLRRLRLL,RRRLLRLRLRRLLRLR,6.0,0.625
One-pronged,0.8350707070707071,left-middle,RRRRLRRRRRRRRRL,LLLLLLLLLLLLLL,13.0,0.07142857142857142
One-pronged,0.8350707070707071,right-middle,LLLLLLLLLLLLLL,RRRRRRRRRRRRRRR,15.0,0.0
One-pronged,0.8487757575757575,left-middle-right-middle#2,LRRLRLRRLLRRLLRRLRLLLRRLLL,LLRRLRLRRLLRRLLRRLRLLLRRRLL,2.0,0.9259259259259259
One-pronged,0.8487757575757575,left-middle-right-middle,RLLRLRLRLLRLRLLRL,LLRRLRLRLRRLRLRRL,4.0,0.7647058823529411
One-pronged,0.8487757575757575,left-middle-right-steph,LLLLLLRLLRRLR,RRLLRLRRLRRLLRR,6.0,0.6
One-pronged,0.8487757575757575,left-middle-right-steph2,LLRRLRLRLLRRLRLL,RRRLLRLRLRRLLRLR,6.0,0.625
One-pronged,0.8487757575757575,left-middle,RRRRLRRRRRRRRRL,LLLLLLLLLLLLLL,13.0,0.07142857142857142
One-pronged,0.8487757575757575,right-middle,LLRLLLLLLLLLLL,RRRRRRRRRRRRRRR,14.0,0.06666666666666667
One-pronged,0.862480808080808,left-middle-right-middle#2,LRRLRLRRLRRRLLRRLRLLLRRRLL,LLRRLRLRRLLRRLLRRLRLLLRRRLL,2.0,0.9259259259259259
One-pronged,0.862480808080808,left-middle-right-middle,RLLRLRLRLLRLRLLRL,LLRRLRLRLRRLRLRRL,4.0,0.7647058823529411
One-pronged,0.862480808080808,left-middle-right-steph,LLLLRLRLLRRLR,RRLLRLRRLRRLLRR,5.0,0.6666666666666666
One-pronged,0.862480808080808,left-middle-right-steph2,LLRRLRLRLLRRLRLL,RRRLLRLRLRRLLRLR,6.0,0.625
One-pronged,0.862480808080808,left-middle,RRRRLRRRRRRRRRL,LLLLLLLLLLLLLL,13.0,0.07142857142857142
One-pronged,0.862480808080808,right-middle,LRLLLLLLLLLLLL,RRRRRRRRRRRRRRR,14.0,0.06666666666666667
One-pronged,0.8761858585858586,left-middle-right-middle#2,LRRLRLRRLLRRLLRRLRLLLRRRLL,LLRRLRLRRLLRRLLRRLRLLLRRRLL,1.0,0.9629629629629629
One-pronged,0.8761858585858586,left-middle-right-middle,RLLRLRLRLLRLRLLRL,LLRRLRLRLRRLRLRRL,4.0,0.7647058823529411
One-pronged,0.8761858585858586,left-middle-right-steph,LLLLRLRLLRRLR,RRLLRLRRLRRLLRR,5.0,0.6666666666666666
One-pronged,0.8761858585858586,left-middle-right-steph2,LLLRLRLRLLRRLRLL,RRRLLRLRLRRLLRLR,7.0,0.5625
One-pronged,0.8761858585858586,left-middle,RRRRLRRRRRRRRRL,LLLLLLLLLLLLLL,13.0,0.07142857142857142
One-pronged,0.8761858585858586,right-middle,LLLLLLLLLLLLLL,RRRRRRRRRRRRRRR,15.0,0.0
One-pronged,0.8898909090909091,left-middle-right-middle#2,LRRLRLRRLLRRLLRRLRLLLRRRLL,LLRRLRLRRLLRRLLRRLRLLLRRRLL,1.0,0.9629629629629629
One-pronged,0.8898909090909091,left-middle-right-middle,RLLRLRLRLLRLRLLRL,LLRRLRLRLRRLRLRRL,4.0,0.7647058823529411
One-pronged,0.8898909090909091,left-middle-right-steph,LLLLLLRLLRRLL,RRLLRLRRLRRLLRR,6.0,0.6
One-pronged,0.8898909090909091,left-middle-right-steph2,LLRRLRLRLLRRLRLL,RRRLLRLRLRRLLRLR,6.0,0.625
One-pronged,0.8898909090909091,left-middle,RRRRLRRRRRRRRRL,LLLLLLLLLLLLLL,13.0,0.07142857142857142
One-pronged,0.8898909090909091,right-middle,LLLLLLLLLLLLLL,RRRRRRRRRRRRRRR,15.0,0.0
One-pronged,0.9035959595959595,left-middle-right-middle#2,LRRLRLRRLLRRLLRRLRLLLRRRLL,LLRRLRLRRLLRRLLRRLRLLLRRRLL,1.0,0.9629629629629629
One-pronged,0.9035959595959595,left-middle-right-middle,RLLRLRLRLLRLRLLRL,LLRRLRLRLRRLRLRRL,4.0,0.7647058823529411
One-pronged,0.9035959595959595,left-middle-right-steph,LLLLLLRLLRRLL,RRLLRLRRLRRLLRR,6.0,0.6
One-pronged,0.9035959595959595,left-middle-right-steph2,LLRRLRLRLLRRLRLL,RRRLLRLRLRRLLRLR,6.0,0.625
One-pronged,0.9035959595959595,left-middle,RRRRLRRRRRRRRRL,LLLLLLLLLLLLLL,13.0,0.07142857142857142
One-pronged,0.9035959595959595,right-middle,LLLLLLLLLLLLLL,RRRRRRRRRRRRRRR,15.0,0.0
One-pronged,0.9173010101010102,left-middle-right-middle#2,LRRLRLRRLLRRLLRRLRLLLRRLLL,LLRRLRLRRLLRRLLRRLRLLLRRRLL,2.0,0.9259259259259259
One-pronged,0.9173010101010102,left-middle-right-middle,RLLRLRLRLLRLRLLRL,LLRRLRLRLRRLRLRRL,4.0,0.7647058823529411
One-pronged,0.9173010101010102,left-middle-right-steph,LLLLLLRLLRRLL,RRLLRLRRLRRLLRR,6.0,0.6
One-pronged,0.9173010101010102,left-middle-right-steph2,LLRRLRLRLLRRLRLL,RRRLLRLRLRRLLRLR,6.0,0.625
One-pronged,0.9173010101010102,left-middle,RRRRLRRRRRRRRRL,LLLLLLLLLLLLLL,13.0,0.07142857142857142
One-pronged,0.9173010101010102,right-middle,LLLLLLLLLLLLLL,RRRRRRRRRRRRRRR,15.0,0.0
One-pronged,0.9310060606060606,left-middle-right-middle#2,LRRLRLRRLLRRLLRRLRLLLRRLLL,LLRRLRLRRLLRRLLRRLRLLLRRRLL,2.0,0.9259259259259259
One-pronged,0.9310060606060606,left-middle-right-middle,RLLRLRLRLLRLRLLRL,LLRRLRLRLRRLRLRRL,4.0,0.7647058823529411
One-pronged,0.9310060606060606,left-middle-right-steph,LLLLLLRLLRRLL,RRLLRLRRLRRLLRR,6.0,0.6
One-pronged,0.9310060606060606,left-middle-right-steph2,LLRRLRLRLLRRLRLL,RRRLLRLRLRRLLRLR,6.0,0.625
One-pronged,0.9310060606060606,left-middle,RRRRLRRRRRRRRRL,LLLLLLLLLLLLLL,13.0,0.07142857142857142
One-pronged,0.9310060606060606,right-middle,LLLLLLLLLLLLLL,RRRRRRRRRRRRRRR,15.0,0.0
One-pronged,0.9447111111111111,left-middle-right-middle#2,LRRLRLRRLRRRLLRRLRLLLRRRLL,LLRRLRLRRLLRRLLRRLRLLLRRRLL,2.0,0.9259259259259259
One-pronged,0.9447111111111111,left-middle-right-middle,RLLRLRLRLLRLRLLRL,LLRRLRLRLRRLRLRRL,4.0,0.7647058823529411
One-pronged,0.9447111111111111,left-middle-right-steph,LLLLLLRLLRRLL,RRLLRLRRLRRLLRR,6.0,0.6
One-pronged,0.9447111111111111,left-middle-right-steph2,LLRRLRLRLLRRLRLL,RRRLLRLRLRRLLRLR,6.0,0.625
One-pronged,0.9447111111111111,left-middle,RRRRLRRRRRRRRRL,LLLLLLLLLLLLLL,13.0,0.07142857142857142
One-pronged,0.9447111111111111,right-middle,LLLLLLLLLLLLLL,RRRRRRRRRRRRRRR,15.0,0.0
One-pronged,0.9584161616161617,left-middle-right-middle#2,LRRLRLRRLLRRLLRRLRLLLRRRLL,LLRRLRLRRLLRRLLRRLRLLLRRRLL,1.0,0.9629629629629629
One-pronged,0.9584161616161617,left-middle-right-middle,RLLRLRLRLLRLRLLRL,LLRRLRLRLRRLRLRRL,4.0,0.7647058823529411
One-pronged,0.9584161616161617,left-middle-right-steph,LLLLLLRLLRRLL,RRLLRLRRLRRLLRR,6.0,0.6
One-pronged,0.9584161616161617,left-middle-right-steph2,LLRRLRLRLLRRLRLL,RRRLLRLRLRRLLRLR,6.0,0.625
One-pronged,0.9584161616161617,left-middle,RRRRLRRRRRRRRRL,LLLLLLLLLLLLLL,13.0,0.07142857142857142
One-pronged,0.9584161616161617,right-middle,LLLLLLLLLLLLLL,RRRRRRRRRRRRRRR,15.0,0.0
One-pronged,0.9721212121212122,left-middle-right-middle#2,LRRLRLRRLRRRLLLRLRLLLRRRLL,LLRRLRLRRLLRRLLRRLRLLLRRRLL,3.0,0.8888888888888888
One-pronged,0.9721212121212122,left-middle-right-middle,RLLRLRLRLLRLRLLRL,LLRRLRLRLRRLRLRRL,4.0,0.7647058823529411
One-pronged,0.9721212121212122,left-middle-right-steph,LLLLLLRLLRRLL,RRLLRLRRLRRLLRR,6.0,0.6
One-pronged,0.9721212121212122,left-middle-right-steph2,LLRRLRLRLLRRLRLL,RRRLLRLRLRRLLRLR,6.0,0.625
One-pronged,0.9721212121212122,left-middle,RRRRLRRRRRRRRRL,LLLLLLLLLLLLLL,13.0,0.07142857142857142
One-pronged,0.9721212121212122,right-middle,LLLLLLLLLLLLLLL,RRRRRRRRRRRRRRR,15.0,0.0
One-pronged,0.9858262626262626,left-middle-right-middle#2,LRRLRLRRLLRRLLRRRRLLLRRRLL,LLRRLRLRRLLRRLLRRLRLLLRRRLL,2.0,0.9259259259259259
One-pronged,0.9858262626262626,left-middle-right-middle,RLLRLRLRLLRLRLLRL,LLRRLRLRLRRLRLRRL,4.0,0.7647058823529411
One-pronged,0.9858262626262626,left-middle-right-steph,LLLLLLRLLRRLL,RRLLRLRRLRRLLRR,6.0,0.6
One-pronged,0.9858262626262626,left-middle-right-steph2,LLRRLRLRLLRRLRLL,RRRLLRLRLRRLLRLR,6.0,0.625
One-pronged,0.9858262626262626,left-middle,RRRRLRRRRRRRRRL,LLLLLLLLLLLLLL,13.0,0.07142857142857142
One-pronged,0.9858262626262626,right-middle,LLLLLLLLLLLLLL,RRRRRRRRRRRRRRR,15.0,0.0
One-pronged,0.999531313131313,left-middle-right-middle#2,LRRLRLRRLRRRLLRRRRLLLRRRLL,LLRRLRLRRLLRRLLRRLRLLLRRRLL,3.0,0.8888888888888888
One-pronged,0.999531313131313,left-middle-right-middle,RLLRLRLRLLRLRLLRL,LLRRLRLRLRRLRLRRL,4.0,0.7647058823529411
One-pronged,0.999531313131313,left-middle-right-steph,LLLLLLRLLRRLL,RRLLRLRRLRRLLRR,6.0,0.6
One-pronged,0.999531313131313,left-middle-right-steph2,LLRRLRLRLLRRLRLL,RRRLLRLRLRRLLRLR,6.0,0.625
One-pronged,0.999531313131313,left-middle,RRRRLRRRRRRRRRL,LLLLLLLLLLLLLL,13.0,0.07142857142857142
One-pronged,0.999531313131313,right-middle,LLLLLLLLLLLLLL,RRRRRRRRRRRRRRR,15.0,0.0
One-pronged,1.0132363636363635,left-middle-right-middle#2,LRRLRLRRLLRRLLRRLRLLLRRLLL,LLRRLRLRRLLRRLLRRLRLLLRRRLL,2.0,0.9259259259259259
One-pronged,1.0132363636363635,left-middle-right-middle,RLLRLRLRLLRLRLLRL,LLRRLRLRLRRLRLRRL,4.0,0.7647058823529411
One-pronged,1.0132363636363635,left-middle-right-steph,LLRLLLLRLLRRLL,RRLLRLRRLRRLLRR,6.0,0.6
One-pronged,1.0132363636363635,left-middle-right-steph2,LLRRLRLRLLRRLRLL,RRRLLRLRLRRLLRLR,6.0,0.625
One-pronged,1.0132363636363635,left-middle,RRRRLRRRRRRRRRL,LLLLLLLLLLLLLL,13.0,0.07142857142857142
One-pronged,1.0132363636363635,right-middle,LLLLLLLLLLLLLL,RRRRRRRRRRRRRRR,15.0,0.0
One-pronged,1.0269414141414142,left-middle-right-middle#2,LRRLRLRRLLRRLLLRLRLLLRRRLL,LLRRLRLRRLLRRLLRRLRLLLRRRLL,2.0,0.9259259259259259
One-pronged,1.0269414141414142,left-middle-right-middle,RLLLLRLRLLRLRLLRL,LLRRLRLRLRRLRLRRL,5.0,0.7058823529411765
One-pronged,1.0269414141414142,left-middle-right-steph,LLRLLLLRLLRRLL,RRLLRLRRLRRLLRR,6.0,0.6
One-pronged,1.0269414141414142,left-middle-right-steph2,LLRRLRLRLLRRLRLL,RRRLLRLRLRRLLRLR,6.0,0.625
One-pronged,1.0269414141414142,left-middle,RRRRLRRRRRRRRRL,LLLLLLLLLLLLLL,13.0,0.07142857142857142
One-pronged,1.0269414141414142,right-middle,LLLLLLLLLLLLLL,RRRRRRRRRRRRRRR,15.0,0.0
One-pronged,1.0406464646464646,left-middle-right-middle#2,LRRLRLRRLLRRLLRRLRLLLRRLLL,LLRRLRLRRLLRRLLRRLRLLLRRRLL,2.0,0.9259259259259259
One-pronged,1.0406464646464646,left-middle-right-middle,RLLLLRLRLLRLRLLRL,LLRRLRLRLRRLRLRRL,5.0,0.7058823529411765
One-pronged,1.0406464646464646,left-middle-right-steph,LLLLLLRLLRRLL,RRLLRLRRLRRLLRR,6.0,0.6
One-pronged,1.0406464646464646,left-middle-right-steph2,LLRRLRLRLLRRLRLL,RRRLLRLRLRRLLRLR,6.0,0.625
One-pronged,1.0406464646464646,left-middle,RRRRLRRRRRRRRRL,LLLLLLLLLLLLLL,13.0,0.07142857142857142
One-pronged,1.0406464646464646,right-middle,LLLLLLLLLLLLLL,RRRRRRRRRRRRRRR,15.0,0.0
One-pronged,1.054351515151515,left-middle-right-middle#2,LRRLRLRRLLRRLLRRRRLLLRRRLL,LLRRLRLRRLLRRLLRRLRLLLRRRLL,2.0,0.9259259259259259
One-pronged,1.054351515151515,left-middle-right-middle,RLLLLRLRLLRLRLLRL,LLRRLRLRLRRLRLRRL,5.0,0.7058823529411765
One-pronged,1.054351515151515,left-middle-right-steph,LLLLLLRLLRRLL,RRLLRLRRLRRLLRR,6.0,0.6
One-pronged,1.054351515151515,left-middle-right-steph2,LLRRLRLRLLRRLRLL,RRRLLRLRLRRLLRLR,6.0,0.625
One-pronged,1.054351515151515,left-middle,RRRRLRRRRRRRRRL,LLLLLLLLLLLLLL,13.0,0.07142857142857142
One-pronged,1.054351515151515,right-middle,LLLLLLLLLLLLLL,RRRRRRRRRRRRRRR,15.0,0.0
One-pronged,1.0680565656565657,left-middle-right-middle#2,LRRLRLRRLLRRLLRRLRLLLRRLLL,LLRRLRLRRLLRRLLRRLRLLLRRRLL,2.0,0.9259259259259259
One-pronged,1.0680565656565657,left-middle-right-middle,RLLRLRLRLLRLRLLRL,LLRRLRLRLRRLRLRRL,4.0,0.7647058823529411
One-pronged,1.0680565656565657,left-middle-right-steph,LLLLLLRLLRRLL,RRLLRLRRLRRLLRR,6.0,0.6
One-pronged,1.0680565656565657,left-middle-right-steph2,LLRRLRLRLLRRLRLL,RRRLLRLRLRRLLRLR,6.0,0.625
One-pronged,1.0680565656565657,left-middle,RRRRLRRRRRRRRRL,LLLLLLLLLLLLLL,13.0,0.07142857142857142
One-pronged,1.0680565656565657,right-middle,LLLLLLLLLLLLLL,RRRRRRRRRRRRRRR,15.0,0.0
One-pronged,1.0817616161616161,left-middle-right-middle#2,LRRLRLRRLLRRLLRRLRLLLRRRLL,LLRRLRLRRLLRRLLRRLRLLLRRRLL,1.0,0.9629629629629629
One-pronged,1.0817616161616161,left-middle-right-middle,RLLRLRLRLLRLRLLRL,LLRRLRLRLRRLRLRRL,4.0,0.7647058823529411
One-pronged,1.0817616161616161,left-middle-right-steph,LLLLLLRLLRRLL,RRLLRLRRLRRLLRR,6.0,0.6
One-pronged,1.0817616161616161,left-middle-right-steph2,LLRRLRLRLLRRLRLL,RRRLLRLRLRRLLRLR,6.0,0.625
One-pronged,1.0817616161616161,left-middle,RRRRRRRRRRRRRRL,LLLLLLLLLLLLLL,14.0,0.0
One-pronged,1.0817616161616161,right-middle,LLLLLLLLLLLLLLL,RRRRRRRRRRRRRRR,15.0,0.0
One-pronged,1.0954666666666666,left-middle-right-middle#2,LRRLRLRRLLRRLLRRLRLLLRRLLL,LLRRLRLRRLLRRLLRRLRLLLRRRLL,2.0,0.9259259259259259
One-pronged,1.0954666666666666,left-middle-right-middle,RLLRLRLRLLRLRLLRL,LLRRLRLRLRRLRLRRL,4.0,0.7647058823529411
One-pronged,1.0954666666666666,left-middle-right-steph,LLLLLLRLLRRLL,RRLLRLRRLRRLLRR,6.0,0.6
One-pronged,1.0954666666666666,left-middle-right-steph2,LLRRLRLRLLRRLRLL,RRRLLRLRLRRLLRLR,6.0,0.625
One-pronged,1.0954666666666666,left-middle,RRRRRRRRRRRRRRL,LLLLLLLLLLLLLL,14.0,0.0
One-pronged,1.0954666666666666,right-middle,LLLLLLLLLLLLLLL,RRRRRRRRRRRRRRR,15.0,0.0
One-pronged,1.1091717171717173,left-middle-right-middle#2,LRRLRLRRLLRRLLRRLRLLLRRRLL,LLRRLRLRRLLRRLLRRLRLLLRRRLL,1.0,0.9629629629629629
One-pronged,1.1091717171717173,left-middle-right-middle,RLLRLRLRLLRLRLLRL,LLRRLRLRLRRLRLRRL,4.0,0.7647058823529411
One-pronged,1.1091717171717173,left-middle-right-steph,LLLLLLRLLLRLL,RRLLRLRRLRRLLRR,7.0,0.5333333333333333
One-pronged,1.1091717171717173,left-middle-right-steph2,LLRRLRLRLLRRLRLL,RRRLLRLRLRRLLRLR,6.0,0.625
One-pronged,1.1091717171717173,left-middle,RRRRRRRRRRRRRRL,LLLLLLLLLLLLLL,14.0,0.0
One-pronged,1.1091717171717173,right-middle,LLLLLLLLLLLLLLL,RRRRRRRRRRRRRRR,15.0,0.0
One-pronged,1.1228767676767677,left-middle-right-middle#2,LRRLRLRRLLRRLLRRLRLLLRRRLL,LLRRLRLRRLLRRLLRRLRLLLRRRLL,1.0,0.9629629629629629
One-pronged,1.1228767676767677,left-middle-right-middle,RLLLLRLRLLRLRLLRL,LLRRLRLRLRRLRLRRL,5.0,0.7058823529411765
One-pronged,1.1228767676767677,left-middle-right-steph,LLLLLLRLLRRLL,RRLLRLRRLRRLLRR,6.0,0.6
One-pronged,1.1228767676767677,left-middle-right-steph2,LLRRLRLRLLRRLRLL,RRRLLRLRLRRLLRLR,6.0,0.625
One-pronged,1.1228767676767677,left-middle,RRRRRRRRRRRRRRL,LLLLLLLLLLLLLL,14.0,0.0
One-pronged,1.1228767676767677,right-middle,LLLLLLLLLLLLLL,RRRRRRRRRRRRRRR,15.0,0.0
One-pronged,1.1365818181818181,left-middle-right-middle#2,LRRLRLRRLLRRLLRRLRLLLRRRLL,LLRRLRLRRLLRRLLRRLRLLLRRRLL,1.0,0.9629629629629629
One-pronged,1.1365818181818181,left-middle-right-middle,RLLRLRLRLLRLRLLRL,LLRRLRLRLRRLRLRRL,4.0,0.7647058823529411
One-pronged,1.1365818181818181,left-middle-right-steph,LLRLLLLRLLRRLL,RRLLRLRRLRRLLRR,6.0,0.6
One-pronged,1.1365818181818181,left-middle-right-steph2,LLRRLRLRLLRRLRLL,RRRLLRLRLRRLLRLR,6.0,0.625
One-pronged,1.1365818181818181,left-middle,RRRRRRRRRRRRRRL,LLLLLLLLLLLLLL,14.0,0.0
One-pronged,1.1365818181818181,right-middle,LLLLLLLLLLLLLL,RRRRRRRRRRRRRRR,15.0,0.0
One-pronged,1.1502868686868688,left-middle-right-middle#2,LRRLRLRRLLRRLLRRLRLLLRRRLL,LLRRLRLRRLLRRLLRRLRLLLRRRLL,1.0,0.9629629629629629
One-pronged,1.1502868686868688,left-middle-right-middle,RLLRLRLRLLRLRLLRL,LLRRLRLRLRRLRLRRL,4.0,0.7647058823529411
One-pronged,1.1502868686868688,left-middle-right-steph,LLRLLLLRLLRRLL,RRLLRLRRLRRLLRR,6.0,0.6
One-pronged,1.1502868686868688,left-middle-right-steph2,LLRRLRLRLLRRLRLL,RRRLLRLRLRRLLRLR,6.0,0.625
One-pronged,1.1502868686868688,left-middle,RRRRRRRRRRRRRRL,LLLLLLLLLLLLLL,14.0,0.0
One-pronged,1.1502868686868688,right-middle,LLLLLLLLLLLLLL,RRRRRRRRRRRRRRR,15.0,0.0
One-pronged,1.163991919191919,left-middle-right-middle#2,LRRLRLRRLLRRLLRRLRLLLRRLLL,LLRRLRLRRLLRRLLRRLRLLLRRRLL,2.0,0.9259259259259259
One-pronged,1.163991919191919,left-middle-right-middle,RLLRLRLRLLRLRLLRL,LLRRLRLRLRRLRLRRL,4.0,0.7647058823529411
One-pronged,1.163991919191919,left-middle-right-steph,LLLLLLRLLRRLL,RRLLRLRRLRRLLRR,6.0,0.6
One-pronged,1.163991919191919,left-middle-right-steph2,LLRRLRLRLLRRLRL,RRRLLRLRLRRLLRLR,6.0,0.625
One-pronged,1.163991919191919,left-middle,RRRRRRRRRRRRRRL,LLLLLLLLLLLLLL,14.0,0.0
One-pronged,1.163991919191919,right-middle,LLLLLLLLLLLLLL,RRRRRRRRRRRRRRR,15.0,0.0
One-pronged,1.1776969696969697,left-middle-right-middle#2,LRRLRLRRLLRRLLRRLRLLLRRRLL,LLRRLRLRRLLRRLLRRLRLLLRRRLL,1.0,0.9629629629629629
One-pronged,1.1776969696969697,left-middle-right-middle,RLLRLRLRLLRLRLLRL,LLRRLRLRLRRLRLRRL,4.0,0.7647058823529411
One-pronged,1.1776969696969697,left-middle-right-steph,LLLLLLRLLRRLL,RRLLRLRRLRRLLRR,6.0,0.6
One-pronged,1.1776969696969697,left-middle-right-steph2,LLRRLRLRLLRRLRLL,RRRLLRLRLRRLLRLR,6.0,0.625
One-pronged,1.1776969696969697,left-middle,RRRRRRRRRRRRRRL,LLLLLLLLLLLLLL,14.0,0.0
One-pronged,1.1776969696969697,right-middle,LLLLLLLLLLLLLL,RRRRRRRRRRRRRRR,15.0,0.0
One-pronged,1.1914020202020201,left-middle-right-middle#2,LRRLRLRRLLRRLLRRLRLLLRRLLL,LLRRLRLRRLLRRLLRRLRLLLRRRLL,2.0,0.9259259259259259
One-pronged,1.1914020202020201,left-middle-right-middle,RLLRLRLRLLRLRLLRL,LLRRLRLRLRRLRLRRL,4.0,0.7647058823529411
One-pronged,1.1914020202020201,left-middle-right-steph,LLLLLLRLLRRLL,RRLLRLRRLRRLLRR,6.0,0.6
One-pronged,1.1914020202020201,left-middle-right-steph2,LLRRLRLRLLRRLRL,RRRLLRLRLRRLLRLR,6.0,0.625
One-pronged,1.1914020202020201,left-middle,RRRRRRRRRRRRRRL,LLLLLLLLLLLLLL,14.0,0.0
One-pronged,1.1914020202020201,right-middle,LLLLLLLLLLLLLL,RRRRRRRRRRRRRRR,15.0,0.0
One-pronged,1.2051070707070706,left-middle-right-middle#2,LRRLRLRRLLRRLLRRLRLLLRRRLL,LLRRLRLRRLLRRLLRRLRLLLRRRLL,1.0,0.9629629629629629
One-pronged,1.2051070707070706,left-middle-right-middle,RLLRLRLRLLRLRLLRL,LLRRLRLRLRRLRLRRL,4.0,0.7647058823529411
One-pronged,1.2051070707070706,left-middle-right-steph,LLRLLLLRLLRRLL,RRLLRLRRLRRLLRR,6.0,0.6
One-pronged,1.2051070707070706,left-middle-right-steph2,LLRRLRLRLLRRLRL,RRRLLRLRLRRLLRLR,6.0,0.625
One-pronged,1.2051070707070706,left-middle,RRRRRRRRRRRRRRL,LLLLLLLLLLLLLL,14.0,0.0
One-pronged,1.2051070707070706,right-middle,LLLLLLLLLLLLLL,RRRRRRRRRRRRRRR,15.0,0.0
One-pronged,1.2188121212121212,left-middle-right-middle#2,LRRLRLRRLLRRLLRRRRLLLRRRLL,LLRRLRLRRLLRRLLRRLRLLLRRRLL,2.0,0.9259259259259259
One-pronged,1.2188121212121212,left-middle-right-middle,RLLRLRLRLLRLRLLRL,LLRRLRLRLRRLRLRRL,4.0,0.7647058823529411
One-pronged,1.2188121212121212,left-middle-right-steph,LLLLLLRLLRRLL,RRLLRLRRLRRLLRR,6.0,0.6
One-pronged,1.2188121212121212,left-middle-right-steph2,LLRRLRLRLLRRLRLL,RRRLLRLRLRRLLRLR,6.0,0.625
One-pronged,1.2188121212121212,left-middle,RRRRRRRRRRRRRRL,LLLLLLLLLLLLLL,14.0,0.0
One-pronged,1.2188121212121212,right-middle,LLLLLLLLLLLLLLL,RRRRRRRRRRRRRRR,15.0,0.0
One-pronged,1.2325171717171717,left-middle-right-middle#2,LRRLRLRRLLRRLLRRRRLLLRRLLL,LLRRLRLRRLLRRLLRRLRLLLRRRLL,3.0,0.8888888888888888
One-pronged,1.2325171717171717,left-middle-right-middle,RLLLLRLRLLRLRLLRL,LLRRLRLRLRRLRLRRL,5.0,0.7058823529411765
One-pronged,1.2325171717171717,left-middle-right-steph,LLLLLLRLLRRLL,RRLLRLRRLRRLLRR,6.0,0.6
One-pronged,1.2325171717171717,left-middle-right-steph2,LLRRLRLRLLRRLRL,RRRLLRLRLRRLLRLR,6.0,0.625
One-pronged,1.2325171717171717,left-middle,RRRRRRRRRRRRRRL,LLLLLLLLLLLLLL,14.0,0.0
One-pronged,1.2325171717171717,right-middle,LLLLLLLLLLLLLLL,RRRRRRRRRRRRRRR,15.0,0.0
One-pronged,1.2462222222222221,left-middle-right-middle#2,LRRLRLRRLLRRLLRRLRLLLRRLLL,LLRRLRLRRLLRRLLRRLRLLLRRRLL,2.0,0.9259259259259259
One-pronged,1.2462222222222221,left-middle-right-middle,RLLRLRLRLLRLRLLRL,LLRRLRLRLRRLRLRRL,4.0,0.7647058823529411
One-pronged,1.2462222222222221,left-middle-right-steph,LLRLLLLRLLRRLL,RRLLRLRRLRRLLRR,6.0,0.6
One-pronged,1.2462222222222221,left-middle-right-steph2,LLRRLRLRLLRRLRL,RRRLLRLRLRRLLRLR,6.0,0.625
One-pronged,1.2462222222222221,left-middle,RRRRRRRRRRRRRRL,LLLLLLLLLLLLLL,14.0,0.0
One-pronged,1.2462222222222221,right-middle,LLLLLLLLLLLLLL,RRRRRRRRRRRRRRR,15.0,0.0
One-pronged,1.2599272727272728,left-middle-right-middle#2,LRRLRLRRLLRRLLRRLRLLLRRRLL,LLRRLRLRRLLRRLLRRLRLLLRRRLL,1.0,0.9629629629629629
One-pronged,1.2599272727272728,left-middle-right-middle,RLLLLRLRLLRLRLLRL,LLRRLRLRLRRLRLRRL,5.0,0.7058823529411765
One-pronged,1.2599272727272728,left-middle-right-steph,LLLLLLRLLRRLL,RRLLRLRRLRRLLRR,6.0,0.6
One-pronged,1.2599272727272728,left-middle-right-steph2,LLRRLRLRLLRRLRL,RRRLLRLRLRRLLRLR,6.0,0.625
One-pronged,1.2599272727272728,left-middle,RRRRRRRRRRRRRRL,LLLLLLLLLLLLLL,14.0,0.0
One-pronged,1.2599272727272728,right-middle,LLLLLLLLLLLLLL,RRRRRRRRRRRRRRR,15.0,0.0
One-pronged,1.2736323232323232,left-middle-right-middle#2,LRRLRLRRLLRRLLRRLRLLLRRRLL,LLRRLRLRRLLRRLLRRLRLLLRRRLL,1.0,0.9629629629629629
One-pronged,1.2736323232323232,left-middle-right-middle,RLLRLRLRLLRLRLLRL,LLRRLRLRLRRLRLRRL,4.0,0.7647058823529411
One-pronged,1.2736323232323232,left-middle-right-steph,LLLLLLRLLLRLL,RRLLRLRRLRRLLRR,7.0,0.5333333333333333
One-pronged,1.2736323232323232,left-middle-right-steph2,LLRRLRLRLLRRLRL,RRRLLRLRLRRLLRLR,6.0,0.625
One-pronged,1.2736323232323232,left-middle,RRRRRRRRRRRRRRL,LLLLLLLLLLLLLL,14.0,0.0
One-pronged,1.2736323232323232,right-middle,LLLLLLLLLLLLLL,RRRRRRRRRRRRRRR,15.0,0.0
One-pronged,1.2873373737373737,left-middle-right-middle#2,LRRLRLRRLLRRLLRRLRLLLRRRLL,LLRRLRLRRLLRRLLRRLRLLLRRRLL,1.0,0.9629629629629629
One-pronged,1.2873373737373737,left-middle-right-middle,RLLRLRLRLLRLRLLRL,LLRRLRLRLRRLRLRRL,4.0,0.7647058823529411
One-pronged,1.2873373737373737,left-middle-right-steph,LLRLLLLRLLRRLL,RRLLRLRRLRRLLRR,6.0,0.6
One-pronged,1.2873373737373737,left-middle-right-steph2,LLRRLRLRLLRRLRL,RRRLLRLRLRRLLRLR,6.0,0.625
One-pronged,1.2873373737373737,left-middle,RRRRRRRRRRRRRRL,LLLLLLLLLLLLLL,14.0,0.0
One-pronged,1.2873373737373737,right-middle,LLLLLLLLLLLLLLL,RRRRRRRRRRRRRRR,15.0,0.0
One-pronged,1.3010424242424243,left-middle-right-middle#2,LRRLRLRRLRRRLLRRLRLLLRRRLL,LLRRLRLRRLLRRLLRRLRLLLRRRLL,2.0,0.9259259259259259
One-pronged,1.3010424242424243,left-middle-right-middle,RLLRLRLRLLRLRLLRL,LLRRLRLRLRRLRLRRL,4.0,0.7647058823529411
One-pronged,1.3010424242424243,left-middle-right-steph,LLLLLLRLLRRLL,RRLLRLRRLRRLLRR,6.0,0.6
One-pronged,1.3010424242424243,left-middle-right-steph2,LLRRLRLRLLRRLRL,RRRLLRLRLRRLLRLR,6.0,0.625
One-pronged,1.3010424242424243,left-middle,RRRRRRRRRRRRRRL,LLLLLLLLLLLLLL,14.0,0.0
One-pronged,1.3010424242424243,right-middle,LLLLLLLLLLLLLL,RRRRRRRRRRRRRRR,15.0,0.0
One-pronged,1.3147474747474748,left-middle-right-middle#2,LRRLRLRRLLRRLLLRRRLLLRRLLL,LLRRLRLRRLLRRLLRRLRLLLRRRLL,4.0,0.8518518518518519
One-pronged,1.3147474747474748,left-middle-right-middle,RLLRLRLRLLRLRLLRL,LLRRLRLRLRRLRLRRL,4.0,0.7647058823529411
One-pronged,1.3147474747474748,left-middle-right-steph,LLRLLLLRLLRRLL,RRLLRLRRLRRLLRR,6.0,0.6
One-pronged,1.3147474747474748,left-middle-right-steph2,LLRRLRLRLLRRLRL,RRRLLRLRLRRLLRLR,6.0,0.625
One-pronged,1.3147474747474748,left-middle,RRRRRRRRRRRRRRL,LLLLLLLLLLLLLL,14.0,0.0
One-pronged,1.3147474747474748,right-middle,LLLLLLLLLLLLLL,RRRRRRRRRRRRRRR,15.0,0.0
One-pronged,1.3284525252525252,left-middle-right-middle#2,LRRLRLRRLLRRLLRRLRLLLRRRLL,LLRRLRLRRLLRRLLRRLRLLLRRRLL,1.0,0.9629629629629629
One-pronged,1.3284525252525252,left-middle-right-middle,RLLRLRLRLLRLRLLRL,LLRRLRLRLRRLRLRRL,4.0,0.7647058823529411
One-pronged,1.3284525252525252,left-middle-right-steph,LLRLLLLRLLRRLL,RRLLRLRRLRRLLRR,6.0,0.6
One-pronged,1.3284525252525252,left-middle-right-steph2,LLRRLRLRLLRRLRL,RRRLLRLRLRRLLRLR,6.0,0.625
One-pronged,1.3284525252525252,left-middle,RRRRRRRRRRRRRRL,LLLLLLLLLLLLLL,14.0,0.0
One-pronged,1.3284525252525252,right-middle,LLLLLLLLLLLLLLL,RRRRRRRRRRRRRRR,15.0,0.0
One-pronged,1.3421575757575759,left-middle-right-middle#2,LRRLRLRRLLRRLLRRLRLLLRRRLL,LLRRLRLRRLLRRLLRRLRLLLRRRLL,1.0,0.9629629629629629
One-pronged,1.3421575757575759,left-middle-right-middle,RLLRLRLRLLRLRLLRL,LLRRLRLRLRRLRLRRL,4.0,0.7647058823529411
One-pronged,1.3421575757575759,left-middle-right-steph,LLLLLLRLLRRLL,RRLLRLRRLRRLLRR,6.0,0.6
One-pronged,1.3421575757575759,left-middle-right-steph2,LLRRLRLRLLRRLRL,RRRLLRLRLRRLLRLR,6.0,0.625
One-pronged,1.3421575757575759,left-middle,RRRRRRRRRRRRRRL,LLLLLLLLLLLLLL,14.0,0.0
One-pronged,1.3421575757575759,right-middle,LLLLLLLLLLLLLL,RRRRRRRRRRRRRRR,15.0,0.0
One-pronged,1.355862626262626,left-middle-right-middle#2,LRRLRLRRLLRRLLRRLRLLLRRRLL,LLRRLRLRRLLRRLLRRLRLLLRRRLL,1.0,0.9629629629629629
One-pronged,1.355862626262626,left-middle-right-middle,RLLRLRLRLLRLRLLRL,LLRRLRLRLRRLRLRRL,4.0,0.7647058823529411
One-pronged,1.355862626262626,left-middle-right-steph,LLRLLLLRLLRRLL,RRLLRLRRLRRLLRR,6.0,0.6
One-pronged,1.355862626262626,left-middle-right-steph2,LLRRLRLRLLRRLRL,RRRLLRLRLRRLLRLR,6.0,0.625
One-pronged,1.355862626262626,left-middle,RRRRRRRRRRRRRRL,LLLLLLLLLLLLLL,14.0,0.0
One-pronged,1.355862626262626,right-middle,LLLLLLLLLLLLLL,RRRRRRRRRRRRRRR,15.0,0.0
One-pronged,1.3695676767676768,left-middle-right-middle#2,LRRLRLRRLLRRLLRRLRLLLRRRLL,LLRRLRLRRLLRRLLRRLRLLLRRRLL,1.0,0.9629629629629629
One-pronged,1.3695676767676768,left-middle-right-middle,RLLRLRLRLLRLRLLRL,LLRRLRLRLRRLRLRRL,4.0,0.7647058823529411
One-pronged,1.3695676767676768,left-middle-right-steph,LLLLLLRLLRRLL,RRLLRLRRLRRLLRR,6.0,0.6
One-pronged,1.3695676767676768,left-middle-right-steph2,LLRRLRLRLLRRLRL,RRRLLRLRLRRLLRLR,6.0,0.625
One-pronged,1.3695676767676768,left-middle,RRRRRRRRRRRRRRL,LLLLLLLLLLLLLL,14.0,0.0
One-pronged,1.3695676767676768,right-middle,LLLLLLLLLLLLLL,RRRRRRRRRRRRRRR,15.0,0.0
One-pronged,1.3832727272727272,left-middle-right-middle#2,LRRLRLRRLLRRLLRRLRLLLRRRLL,LLRRLRLRRLLRRLLRRLRLLLRRRLL,1.0,0.9629629629629629
One-pronged,1.3832727272727272,left-middle-right-middle,RLLRLRLRLLRLRLLRL,LLRRLRLRLRRLRLRRL,4.0,0.7647058823529411
One-pronged,1.3832727272727272,left-middle-right-steph,LLRLLLLRLLRRLL,RRLLRLRRLRRLLRR,6.0,0.6
One-pronged,1.3832727272727272,left-middle-right-steph2,LLRRLRLRLLRRLRL,RRRLLRLRLRRLLRLR,6.0,0.625
One-pronged,1.3832727272727272,left-middle,RRRRRRRRRRRRRRL,LLLLLLLLLLLLLL,14.0,0.0
One-pronged,1.3832727272727272,right-middle,LLLLLLLLLLLLLL,RRRRRRRRRRRRRRR,15.0,0.0
One-pronged,1.3969777777777777,left-middle-right-middle#2,LRRLRLRRLLRRLLRRLRLLLRRRLL,LLRRLRLRRLLRRLLRRLRLLLRRRLL,1.0,0.9629629629629629
One-pronged,1.3969777777777777,left-middle-right-middle,RLLRLRLRLLRLRLLR,LLRRLRLRLRRLRLRRL,5.0,0.7058823529411765
One-pronged,1.3969777777777777,left-middle-right-steph,LLLLLLRLLRRLL,RRLLRLRRLRRLLRR,6.0,0.6
One-pronged,1.3969777777777777,left-middle-right-steph2,LLRRLRLRLLRRLRL,RRRLLRLRLRRLLRLR,6.0,0.625
One-pronged,1.3969777777777777,left-middle,RRRRRRRRRRRRRRL,LLLLLLLLLLLLLL,14.0,0.0
One-pronged,1.3969777777777777,right-middle,LLLLLLLLLLLLLLL,RRRRRRRRRRRRRRR,15.0,0.0
One-pronged,1.4106828282828283,left-middle-right-middle#2,LRRLRLRRLLRRLLRRLRLLLRRLLL,LLRRLRLRRLLRRLLRRLRLLLRRRLL,2.0,0.9259259259259259
One-pronged,1.4106828282828283,left-middle-right-middle,RLLRLRLRLLRLRLLRL,LLRRLRLRLRRLRLRRL,4.0,0.7647058823529411
One-pronged,1.4106828282828283,left-middle-right-steph,LLRLLLLRLLRRLL,RRLLRLRRLRRLLRR,6.0,0.6
One-pronged,1.4106828282828283,left-middle-right-steph2,LLRRLRLRLLRRLRL,RRRLLRLRLRRLLRLR,6.0,0.625
One-pronged,1.4106828282828283,left-middle,RRRRRRRRRRRRRRL,LLLLLLLLLLLLLL,14.0,0.0
One-pronged,1.4106828282828283,right-middle,LLLLLLLLLLLLLLL,RRRRRRRRRRRRRRR,15.0,0.0
One-pronged,1.4243878787878788,left-middle-right-middle#2,LRRLRLRRLLRRLLRRLRLLLRRRLL,LLRRLRLRRLLRRLLRRLRLLLRRRLL,1.0,0.9629629629629629
One-pronged,1.4243878787878788,left-middle-right-middle,RLLRLRLRLLRLRLLRL,LLRRLRLRLRRLRLRRL,4.0,0.7647058823529411
One-pronged,1.4243878787878788,left-middle-right-steph,LLLLLLRLLRRLL,RRLLRLRRLRRLLRR,6.0,0.6
One-pronged,1.4243878787878788,left-middle-right-steph2,LLRRLRLRLLRRLRL,RRRLLRLRLRRLLRLR,6.0,0.625
One-pronged,1.4243878787878788,left-middle,RRRRRRRRRRRRRRL,LLLLLLLLLLLLLL,14.0,0.0
One-pronged,1.4243878787878788,right-middle,LLLLLLLLLLLLLLL,RRRRRRRRRRRRRRR,15.0,0.0
One-pronged,1.4380929292929292,left-middle-right-middle#2,LRRLRLRRLRRRLLRRLRLLLRRRLL,LLRRLRLRRLLRRLLRRLRLLLRRRLL,2.0,0.9259259259259259
One-pronged,1.4380929292929292,left-middle-right-middle,RLLRLRLRLLRLRLLRL,LLRRLRLRLRRLRLRRL,4.0,0.7647058823529411
One-pronged,1.4380929292929292,left-middle-right-steph,LLRLLLLRLLRRLL,RRLLRLRRLRRLLRR,6.0,0.6
One-pronged,1.4380929292929292,left-middle-right-steph2,LLRRLRLRLLRRLRL,RRRLLRLRLRRLLRLR,6.0,0.625
One-pronged,1.4380929292929292,left-middle,RRRRRRRRRRRRRRL,LLLLLLLLLLLLLL,14.0,0.0
One-pronged,1.4380929292929292,right-middle,LLLLLLLLLLLLLLL,RRRRRRRRRRRRRRR,15.0,0.0
One-pronged,1.4517979797979799,left-middle-right-middle#2,LRRLRLRRLLRRLLRRLRLLLRRRLL,LLRRLRLRRLLRRLLRRLRLLLRRRLL,1.0,0.9629629629629629
One-pronged,1.4517979797979799,left-middle-right-middle,RLLRLRLRLLRLRLLR,LLRRLRLRLRRLRLRRL,5.0,0.7058823529411765
One-pronged,1.4517979797979799,left-middle-right-steph,LLLLLLRLLRRLL,RRLLRLRRLRRLLRR,6.0,0.6
One-pronged,1.4517979797979799,left-middle-right-steph2,LLRRLRLRLLRRLRL,RRRLLRLRLRRLLRLR,6.0,0.625
One-pronged,1.4517979797979799,left-middle,RRRRRRRRRRRRRRL,LLLLLLLLLLLLLL,14.0,0.0
One-pronged,1.4517979797979799,right-middle,LLLLLLLLLLLLLL,RRRRRRRRRRRRRRR,15.0,0.0
One-pronged,1.4655030303030303,left-middle-right-middle#2,LRRLRLRRLLRRLLRRLRLLLRRLLL,LLRRLRLRRLLRRLLRRLRLLLRRRLL,2.0,0.9259259259259259
One-pronged,1.4655030303030303,left-middle-right-middle,RLLLLRLRLLRLRLLRL,LLRRLRLRLRRLRLRRL,5.0,0.7058823529411765
One-pronged,1.4655030303030303,left-middle-right-steph,LLRLLLLRLLRRLL,RRLLRLRRLRRLLRR,6.0,0.6
One-pronged,1.4655030303030303,left-middle-right-steph2,LLRRLRLRLLRRLRL,RRRLLRLRLRRLLRLR,6.0,0.625
One-pronged,1.4655030303030303,left-middle,RRRRRRRRRRRRRRL,LLLLLLLLLLLLLL,14.0,0.0
One-pronged,1.4655030303030303,right-middle,LLLLLLLLLLLLLLL,RRRRRRRRRRRRRRR,15.0,0.0
One-pronged,1.4792080808080807,left-middle-right-middle#2,LRRLRLRRLLRRLLRRLRLLLRRRLL,LLRRLRLRRLLRRLLRRLRLLLRRRLL,1.0,0.9629629629629629
One-pronged,1.4792080808080807,left-middle-right-middle,RLLRLRLRLLRLRLLRL,LLRRLRLRLRRLRLRRL,4.0,0.7647058823529411
One-pronged,1.4792080808080807,left-middle-right-steph,LLLLLLRLLRRLL,RRLLRLRRLRRLLRR,6.0,0.6
One-pronged,1.4792080808080807,left-middle-right-steph2,LLRRLRLRLLRRLRL,RRRLLRLRLRRLLRLR,6.0,0.625
One-pronged,1.4792080808080807,left-middle,RRRRRRRRRRRRRRL,LLLLLLLLLLLLLL,14.0,0.0
One-pronged,1.4792080808080807,right-middle,LLLLLLLLLLLLLLL,RRRRRRRRRRRRRRR,15.0,0.0
One-pronged,1.4929131313131314,left-middle-right-middle#2,LRRLRLRRLLRRLLRRLRLLLRRRLL,LLRRLRLRRLLRRLLRRLRLLLRRRLL,1.0,0.9629629629629629
One-pronged,1.4929131313131314,left-middle-right-middle,RLLRLRLRLLRLRLLR,LLRRLRLRLRRLRLRRL,5.0,0.7058823529411765
One-pronged,1.4929131313131314,left-middle-right-steph,LLRLLLLRLLRRLL,RRLLRLRRLRRLLRR,6.0,0.6
One-pronged,1.4929131313131314,left-middle-right-steph2,LLRRLRLRLLRRLRL,RRRLLRLRLRRLLRLR,6.0,0.625
One-pronged,1.4929131313131314,left-middle,RRRRRRRRRRRRRRL,LLLLLLLLLLLLLL,14.0,0.0
One-pronged,1.4929131313131314,right-middle,LLLLLLLLLLLLLL,RRRRRRRRRRRRRRR,15.0,0.0
One-pronged,1.5066181818181816,left-middle-right-middle#2,LRRLRLRRLLRRLLRRLRLLLRRRLL,LLRRLRLRRLLRRLLRRLRLLLRRRLL,1.0,0.9629629629629629
One-pronged,1.5066181818181816,left-middle-right-middle,RLLRLRLRLLRLRLLRL,LLRRLRLRLRRLRLRRL,4.0,0.7647058823529411
One-pronged,1.5066181818181816,left-middle-right-steph,LLLLLLRLLRRLL,RRLLRLRRLRRLLRR,6.0,0.6
One-pronged,1.5066181818181816,left-middle-right-steph2,LLRRLRLRLLRRLRL,RRRLLRLRLRRLLRLR,6.0,0.625
One-pronged,1.5066181818181816,left-middle,RRRRRRRRRRRRRRL,LLLLLLLLLLLLLL,14.0,0.0
One-pronged,1.5066181818181816,right-middle,LLLLLLLLLLLLLLL,RRRRRRRRRRRRRRR,15.0,0.0
One-pronged,1.5203232323232323,left-middle-right-middle#2,LRRLRLRRLLRRLLRRLRLLLRRRLL,LLRRLRLRRLLRRLLRRLRLLLRRRLL,1.0,0.9629629629629629
One-pronged,1.5203232323232323,left-middle-right-middle,RLLRLRLRLLRLRLLRL,LLRRLRLRLRRLRLRRL,4.0,0.7647058823529411
One-pronged,1.5203232323232323,left-middle-right-steph,LLRLLLLRLLRRLL,RRLLRLRRLRRLLRR,6.0,0.6
One-pronged,1.5203232323232323,left-middle-right-steph2,LLRRLRLRLLRRLRL,RRRLLRLRLRRLLRLR,6.0,0.625
One-pronged,1.5203232323232323,left-middle,RRRRRRRRRRRRRRL,LLLLLLLLLLLLLL,14.0,0.0
One-pronged,1.5203232323232323,right-middle,LLLLLLLLLLLLLL,RRRRRRRRRRRRRRR,15.0,0.0
One-pronged,1.534028282828283,left-middle-right-middle#2,LRRLRLRRLRRRLLRRLRLLLRRRLL,LLRRLRLRRLLRRLLRRLRLLLRRRLL,2.0,0.9259259259259259
One-pronged,1.534028282828283,left-middle-right-middle,RLLRLRLRLLRLRLLRL,LLRRLRLRLRRLRLRRL,4.0,0.7647058823529411
One-pronged,1.534028282828283,left-middle-right-steph,LLLLLLRLLRRLL,RRLLRLRRLRRLLRR,6.0,0.6
One-pronged,1.534028282828283,left-middle-right-steph2,LLRRLRLRLLRRLRL,RRRLLRLRLRRLLRLR,6.0,0.625
One-pronged,1.534028282828283,left-middle,RRRRRRRRRRRRRRL,LLLLLLLLLLLLLL,14.0,0.0
One-pronged,1.534028282828283,right-middle,LLLLLLLLLLLLLL,RRRRRRRRRRRRRRR,15.0,0.0
One-pronged,1.5477333333333332,left-middle-right-middle#2,LRRLRLRRLLRRLLRRLRLLLRRLLL,LLRRLRLRRLLRRLLRRLRLLLRRRLL,2.0,0.9259259259259259
One-pronged,1.5477333333333332,left-middle-right-middle,RLLRLRLRLLRLRLLR,LLRRLRLRLRRLRLRRL,5.0,0.7058823529411765
One-pronged,1.5477333333333332,left-middle-right-steph,LLRLLLLRLLRRLL,RRLLRLRRLRRLLRR,6.0,0.6
One-pronged,1.5477333333333332,left-middle-right-steph2,LLRRLRLRLLRRLRL,RRRLLRLRLRRLLRLR,6.0,0.625
One-pronged,1.5477333333333332,left-middle,RRRRRRRRRRRRRRL,LLLLLLLLLLLLLL,14.0,0.0
One-pronged,1.5477333333333332,right-middle,LLLLLLLLLLLLLL,RRRRRRRRRRRRRRR,15.0,0.0
One-pronged,1.5614383838383838,left-middle-right-middle#2,LRRLRLRRLLRRLLRRLRLLLRRLLL,LLRRLRLRRLLRRLLRRLRLLLRRRLL,2.0,0.9259259259259259
One-pronged,1.5614383838383838,left-middle-right-middle,RLLRLRLRLLRLRLLR,LLRRLRLRLRRLRLRRL,5.0,0.7058823529411765
One-pronged,1.5614383838383838,left-middle-right-steph,LLRLLLLRLLRRLL,RRLLRLRRLRRLLRR,6.0,0.6
One-pronged,1.5614383838383838,left-middle-right-steph2,LLRRLRLRLLRRLRL,RRRLLRLRLRRLLRLR,6.0,0.625
One-pronged,1.5614383838383838,left-middle,RRRRRRRRRRRRRRL,LLLLLLLLLLLLLL,14.0,0.0
One-pronged,1.5614383838383838,right-middle,LLLLLLLLLLLLLL,RRRRRRRRRRRRRRR,15.0,0.0
One-pronged,1.5751434343434343,left-middle-right-middle#2,LRRLRLRRLLRRLLRRLRLLLRRLLL,LLRRLRLRRLLRRLLRRLRLLLRRRLL,2.0,0.9259259259259259
One-pronged,1.5751434343434343,left-middle-right-middle,RLLRLRLRLLRLRLLR,LLRRLRLRLRRLRLRRL,5.0,0.7058823529411765
One-pronged,1.5751434343434343,left-middle-right-steph,LLRLLLLRLLRRLL,RRLLRLRRLRRLLRR,6.0,0.6
One-pronged,1.5751434343434343,left-middle-right-steph2,LLRRLRLRLLRRLRL,RRRLLRLRLRRLLRLR,6.0,0.625
One-pronged,1.5751434343434343,left-middle,RRRRRRRRRRRRRRL,LLLLLLLLLLLLLL,14.0,0.0
One-pronged,1.5751434343434343,right-middle,LLLLLLLLLLLLLLL,RRRRRRRRRRRRRRR,15.0,0.0
One-pronged,1.5888484848484847,left-middle-right-middle#2,LRRLRLRRLLRRLLRRLRLLLRRRLL,LLRRLRLRRLLRRLLRRLRLLLRRRLL,1.0,0.9629629629629629
One-pronged,1.5888484848484847,left-middle-right-middle,RLLRLRLRLLRLRLLR,LLRRLRLRLRRLRLRRL,5.0,0.7058823529411765
One-pronged,1.5888484848484847,left-middle-right-steph,LLRLLLLRLLRRLL,RRLLRLRRLRRLLRR,6.0,0.6
One-pronged,1.5888484848484847,left-middle-right-steph2,LLRRLRLRLLRRLRL,RRRLLRLRLRRLLRLR,6.0,0.625
One-pronged,1.5888484848484847,left-middle,RRRRRRRRRRRRRRL,LLLLLLLLLLLLLL,14.0,0.0
One-pronged,1.5888484848484847,right-middle,LLLLLLLLLLLLLL,RRRRRRRRRRRRRRR,15.0,0.0
One-pronged,1.6025535353535354,left-middle-right-middle#2,LRRLRLRRLRRRLLLRLRLLLRRRLL,LLRRLRLRRLLRRLLRRLRLLLRRRLL,3.0,0.8888888888888888
One-pronged,1.6025535353535354,left-middle-right-middle,RLLRLRLRLLRLRLLR,LLRRLRLRLRRLRLRRL,5.0,0.7058823529411765
One-pronged,1.6025535353535354,left-middle-right-steph,LLLLLLRLLRRLL,RRLLRLRRLRRLLRR,6.0,0.6
One-pronged,1.6025535353535354,left-middle-right-steph2,LLRRLRLRLLRRLRL,RRRLLRLRLRRLLRLR,6.0,0.625
One-pronged,1.6025535353535354,left-middle,RRRRRRRRRRRRRRL,LLLLLLLLLLLLLL,14.0,0.0
One-pronged,1.6025535353535354,right-middle,LLLLLLLLLLLLLL,RRRRRRRRRRRRRRR,15.0,0.0
One-pronged,1.6162585858585858,left-middle-right-middle#2,LRRLRLRRLLRRLLRRLRLLLRRRLL,LLRRLRLRRLLRRLLRRLRLLLRRRLL,1.0,0.9629629629629629
One-pronged,1.6162585858585858,left-middle-right-middle,RLLRLRLRLLRLRLLRL,LLRRLRLRLRRLRLRRL,4.0,0.7647058823529411
One-pronged,1.6162585858585858,left-middle-right-steph,LLRLLLLRLLRRLL,RRLLRLRRLRRLLRR,6.0,0.6
One-pronged,1.6162585858585858,left-middle-right-steph2,LLRRLRLRLLRRLRL,RRRLLRLRLRRLLRLR,6.0,0.625
One-pronged,1.6162585858585858,left-middle,RRRRRRRRRRRRRRL,LLLLLLLLLLLLLL,14.0,0.0
One-pronged,1.6162585858585858,right-middle,LLLLLLLLLLLLLLL,RRRRRRRRRRRRRRR,15.0,0.0
One-pronged,1.6299636363636363,left-middle-right-middle#2,LRRLRLRRLRRRLLRRLRLLLRRRLL,LLRRLRLRRLLRRLLRRLRLLLRRRLL,2.0,0.9259259259259259
One-pronged,1.6299636363636363,left-middle-right-middle,RLLLLRLRLLRLRLLRL,LLRRLRLRLRRLRLRRL,5.0,0.7058823529411765
One-pronged,1.6299636363636363,left-middle-right-steph,LLRLLLLRLLRRLL,RRLLRLRRLRRLLRR,6.0,0.6
One-pronged,1.6299636363636363,left-middle-right-steph2,LLRRLRLRLLRRLRL,RRRLLRLRLRRLLRLR,6.0,0.625
One-pronged,1.6299636363636363,left-middle,RRRRRRRRRRRRRRL,LLLLLLLLLLLLLL,14.0,0.0
One-pronged,1.6299636363636363,right-middle,LLLLLLLLLLLLLLL,RRRRRRRRRRRRRRR,15.0,0.0
One-pronged,1.643668686868687,left-middle-right-middle#2,LRRLRLRRLLRRLLRRLRLLLRRRLL,LLRRLRLRRLLRRLLRRLRLLLRRRLL,1.0,0.9629629629629629
One-pronged,1.643668686868687,left-middle-right-middle,RLLRLRLRLLRLRLLRL,LLRRLRLRLRRLRLRRL,4.0,0.7647058823529411
One-pronged,1.643668686868687,left-middle-right-steph,LLRLLLLRLLRRLL,RRLLRLRRLRRLLRR,6.0,0.6
One-pronged,1.643668686868687,left-middle-right-steph2,LLRRLRLRLLRRLRL,RRRLLRLRLRRLLRLR,6.0,0.625
One-pronged,1.643668686868687,left-middle,RRRRRRRRRRRRRRL,LLLLLLLLLLLLLL,14.0,0.0
One-pronged,1.643668686868687,right-middle,LLLLLLLLLLLLLLL,RRRRRRRRRRRRRRR,15.0,0.0
One-pronged,1.6573737373737374,left-middle-right-middle#2,LRRLRLRRLRRRLLRRRRLLLRRLLL,LLRRLRLRRLLRRLLRRLRLLLRRRLL,4.0,0.8518518518518519
One-pronged,1.6573737373737374,left-middle-right-middle,RLLRLRLRLLRLRLLR,LLRRLRLRLRRLRLRRL,5.0,0.7058823529411765
One-pronged,1.6573737373737374,left-middle-right-steph,LLRLLLLRLLRRLL,RRLLRLRRLRRLLRR,6.0,0.6
One-pronged,1.6573737373737374,left-middle-right-steph2,LLRRLRLRLLRRLRL,RRRLLRLRLRRLLRLR,6.0,0.625
One-pronged,1.6573737373737374,left-middle,RRRRRRRRRRRRRRL,LLLLLLLLLLLLLL,14.0,0.0
One-pronged,1.6573737373737374,right-middle,LLLLLLLLLLLLLLL,RRRRRRRRRRRRRRR,15.0,0.0
One-pronged,1.6710787878787878,left-middle-right-middle#2,LRRLRLRRLLRRLLRRRRLLLRRRLL,LLRRLRLRRLLRRLLRRLRLLLRRRLL,2.0,0.9259259259259259
One-pronged,1.6710787878787878,left-middle-right-middle,RLLLLRLRLLRLRLLR,LLRRLRLRLRRLRLRRL,6.0,0.6470588235294118
One-pronged,1.6710787878787878,left-middle-right-steph,LLLLLLRLLRRLL,RRLLRLRRLRRLLRR,6.0,0.6
One-pronged,1.6710787878787878,left-middle-right-steph2,LLRRLRLRLLRRLRL,RRRLLRLRLRRLLRLR,6.0,0.625
One-pronged,1.6710787878787878,left-middle,RRRRRRRRRRRRRRL,LLLLLLLLLLLLLL,14.0,0.0
One-pronged,1.6710787878787878,right-middle,LLLLLLLLLLLLLLL,RRRRRRRRRRRRRRR,15.0,0.0
One-pronged,1.6847838383838383,left-middle-right-middle#2,LRRLRLRRLLRRLLRRLRLLLRRRLL,LLRRLRLRRLLRRLLRRLRLLLRRRLL,1.0,0.9629629629629629
One-pronged,1.6847838383838383,left-middle-right-middle,RLLRLRLRLLRLRLLRL,LLRRLRLRLRRLRLRRL,4.0,0.7647058823529411
One-pronged,1.6847838383838383,left-middle-right-steph,LLRLLLLRLLRRLL,RRLLRLRRLRRLLRR,6.0,0.6
One-pronged,1.6847838383838383,left-middle-right-steph2,LLRRLRLRLLRRLRL,RRRLLRLRLRRLLRLR,6.0,0.625
One-pronged,1.6847838383838383,left-middle,RRRRRRRRRRRRRRL,LLLLLLLLLLLLLL,14.0,0.0
One-pronged,1.6847838383838383,right-middle,LLLLLLLLLLLLLLL,RRRRRRRRRRRRRRR,15.0,0.0
One-pronged,1.698488888888889,left-middle-right-middle#2,LRRLRLRRLLRRLLRRLRLLLRRRLL,LLRRLRLRRLLRRLLRRLRLLLRRRLL,1.0,0.9629629629629629
One-pronged,1.698488888888889,left-middle-right-middle,RLLRLRLRLLRLRLLR,LLRRLRLRLRRLRLRRL,5.0,0.7058823529411765
One-pronged,1.698488888888889,left-middle-right-steph,LLRLLLLRLLRRLL,RRLLRLRRLRRLLRR,6.0,0.6
One-pronged,1.698488888888889,left-middle-right-steph2,LLRRLRLRLLRRLRL,RRRLLRLRLRRLLRLR,6.0,0.625
One-pronged,1.698488888888889,left-middle,RRRRRRRRRRRRRRL,LLLLLLLLLLLLLL,14.0,0.0
One-pronged,1.698488888888889,right-middle,LLLLLLLLLLLLLLL,RRRRRRRRRRRRRRR,15.0,0.0
One-pronged,1.7121939393939394,left-middle-right-middle#2,LRRLRLRRLLRRLLLRLRLLLRRRLL,LLRRLRLRRLLRRLLRRLRLLLRRRLL,2.0,0.9259259259259259
One-pronged,1.7121939393939394,left-middle-right-middle,RLLRLRLRLLRLRLLR,LLRRLRLRLRRLRLRRL,5.0,0.7058823529411765
One-pronged,1.7121939393939394,left-middle-right-steph,LLRLLLLRLLRRLL,RRLLRLRRLRRLLRR,6.0,0.6
One-pronged,1.7121939393939394,left-middle-right-steph2,LLRRLRLRLLRRLRL,RRRLLRLRLRRLLRLR,6.0,0.625
One-pronged,1.7121939393939394,left-middle,RRRRRRRRRRRRRRL,LLLLLLLLLLLLLL,14.0,0.0
One-pronged,1.7121939393939394,right-middle,LLLLLLLLLLLLLL,RRRRRRRRRRRRRRR,15.0,0.0
One-pronged,1.7258989898989898,left-middle-right-middle#2,LRRLRLRRLLRRLLRRLRLLLRRLLL,LLRRLRLRRLLRRLLRRLRLLLRRRLL,2.0,0.9259259259259259
One-pronged,1.7258989898989898,left-middle-right-middle,RLLRLRLRLLRLRLLRL,LLRRLRLRLRRLRLRRL,4.0,0.7647058823529411
One-pronged,1.7258989898989898,left-middle-right-steph,LLRLLLLRLLRRLL,RRLLRLRRLRRLLRR,6.0,0.6
One-pronged,1.7258989898989898,left-middle-right-steph2,LLRRLRLRLLRRLRL,RRRLLRLRLRRLLRLR,6.0,0.625
One-pronged,1.7258989898989898,left-middle,RRRRRRRRRRRRRRL,LLLLLLLLLLLLLL,14.0,0.0
One-pronged,1.7258989898989898,right-middle,LLLLLLLLLLLLLL,RRRRRRRRRRRRRRR,15.0,0.0
One-pronged,1.7396040404040403,left-middle-right-middle#2,LRRLRLRRLLRRLLRRLRLLLRRLLL,LLRRLRLRRLLRRLLRRLRLLLRRRLL,2.0,0.9259259259259259
One-pronged,1.7396040404040403,left-middle-right-middle,RLLRLRLRLLRLRLLRL,LLRRLRLRLRRLRLRRL,4.0,0.7647058823529411
One-pronged,1.7396040404040403,left-middle-right-steph,LLRLLLLRLLRRLL,RRLLRLRRLRRLLRR,6.0,0.6
One-pronged,1.7396040404040403,left-middle-right-steph2,LLRRLRLRLLRRLRL,RRRLLRLRLRRLLRLR,6.0,0.625
One-pronged,1.7396040404040403,left-middle,RRRRRRRRRRRRRRL,LLLLLLLLLLLLLL,14.0,0.0
One-pronged,1.7396040404040403,right-middle,LLLLLLLLLLLLLL,RRRRRRRRRRRRRRR,15.0,0.0
One-pronged,1.753309090909091,left-middle-right-middle#2,LRRLRLRRLRRRLLRRLRLLLRRRLL,LLRRLRLRRLLRRLLRRLRLLLRRRLL,2.0,0.9259259259259259
One-pronged,1.753309090909091,left-middle-right-middle,RLLRLRLRLLRLRLLR,LLRRLRLRLRRLRLRRL,5.0,0.7058823529411765
One-pronged,1.753309090909091,left-middle-right-steph,LLRLLLLRLLRRLL,RRLLRLRRLRRLLRR,6.0,0.6
One-pronged,1.753309090909091,left-middle-right-steph2,LLRRLRLRLLRRLRL,RRRLLRLRLRRLLRLR,6.0,0.625
One-pronged,1.753309090909091,left-middle,RRRRRRRRRRRRRRL,LLLLLLLLLLLLLL,14.0,0.0
One-pronged,1.753309090909091,right-middle,LLLLLLLLLLLLLL,RRRRRRRRRRRRRRR,15.0,0.0
One-pronged,1.7670141414141414,left-middle-right-middle#2,LRRLRLRRLLRRLLRRLRLLLRRRLL,LLRRLRLRRLLRRLLRRLRLLLRRRLL,1.0,0.9629629629629629
One-pronged,1.7670141414141414,left-middle-right-middle,RLLLLRLRLLRLRLLRL,LLRRLRLRLRRLRLRRL,5.0,0.7058823529411765
One-pronged,1.7670141414141414,left-middle-right-steph,LLRLLLLRLLRRLL,RRLLRLRRLRRLLRR,6.0,0.6
One-pronged,1.7670141414141414,left-middle-right-steph2,LLRRLRLRLLRRLRL,RRRLLRLRLRRLLRLR,6.0,0.625
One-pronged,1.7670141414141414,left-middle,RRRRRRRRRRRRRRL,LLLLLLLLLLLLLL,14.0,0.0
One-pronged,1.7670141414141414,right-middle,LLLLLLLLLLLLLLL,RRRRRRRRRRRRRRR,15.0,0.0
One-pronged,1.7807191919191918,left-middle-right-middle#2,LRRLRLRRLLRRLLRRLRLLLRRRLL,LLRRLRLRRLLRRLLRRLRLLLRRRLL,1.0,0.9629629629629629
One-pronged,1.7807191919191918,left-middle-right-middle,RLLRLRLRLLRLRLLRL,LLRRLRLRLRRLRLRRL,4.0,0.7647058823529411
One-pronged,1.7807191919191918,left-middle-right-steph,LLRLLLLRLLLRLL,RRLLRLRRLRRLLRR,7.0,0.5333333333333333
One-pronged,1.7807191919191918,left-middle-right-steph2,LLRRLRLRLLRRLRL,RRRLLRLRLRRLLRLR,6.0,0.625
One-pronged,1.7807191919191918,left-middle,RRRRRRRRRRRRRRL,LLLLLLLLLLLLLL,14.0,0.0
One-pronged,1.7807191919191918,right-middle,LLLLLLLLLLLLLL,RRRRRRRRRRRRRRR,15.0,0.0
One-pronged,1.7944242424242425,left-middle-right-middle#2,LRRLRLRRLLRRLLRRRRLLLRRRLL,LLRRLRLRRLLRRLLRRLRLLLRRRLL,2.0,0.9259259259259259
One-pronged,1.7944242424242425,left-middle-right-middle,RLLLLRLRLLRLRLLRL,LLRRLRLRLRRLRLRRL,5.0,0.7058823529411765
One-pronged,1.7944242424242425,left-middle-right-steph,LLRLLLLRLLRRLL,RRLLRLRRLRRLLRR,6.0,0.6
One-pronged,1.7944242424242425,left-middle-right-steph2,LLRRLRLRLLRRLRL,RRRLLRLRLRRLLRLR,6.0,0.625
One-pronged,1.7944242424242425,left-middle,RRRRRRRRRRRRRRL,LLLLLLLLLLLLLL,14.0,0.0
One-pronged,1.7944242424242425,right-middle,LLLLLLLLLLLLLL,RRRRRRRRRRRRRRR,15.0,0.0
One-pronged,1.808129292929293,left-middle-right-middle#2,LRRLRLRRLLRRLLRRLRLLLRRLLL,LLRRLRLRRLLRRLLRRLRLLLRRRLL,2.0,0.9259259259259259
One-pronged,1.808129292929293,left-middle-right-middle,RLLRLRLRLLRLRLLR,LLRRLRLRLRRLRLRRL,5.0,0.7058823529411765
One-pronged,1.808129292929293,left-middle-right-steph,LLRLLLLRLLRRLL,RRLLRLRRLRRLLRR,6.0,0.6
One-pronged,1.808129292929293,left-middle-right-steph2,LLRRLRLRLLRRLRL,RRRLLRLRLRRLLRLR,6.0,0.625
One-pronged,1.808129292929293,left-middle,RRRRRRRRRRRRRRL,LLLLLLLLLLLLLL,14.0,0.0
One-pronged,1.808129292929293,right-middle,LLLLLLLLLLLLLLL,RRRRRRRRRRRRRRR,15.0,0.0
One-pronged,1.8218343434343434,left-middle-right-middle#2,LRRLRLRRLRRRLLLRLRLLLRRRLL,LLRRLRLRRLLRRLLRRLRLLLRRRLL,3.0,0.8888888888888888
One-pronged,1.8218343434343434,left-middle-right-middle,RLLRLRLRLLRLRLLR,LLRRLRLRLRRLRLRRL,5.0,0.7058823529411765
One-pronged,1.8218343434343434,left-middle-right-steph,LLRLLLLRLLRRLL,RRLLRLRRLRRLLRR,6.0,0.6
One-pronged,1.8218343434343434,left-middle-right-steph2,LLRRLRLRLLRRLRL,RRRLLRLRLRRLLRLR,6.0,0.625
One-pronged,1.8218343434343434,left-middle,RRRRRRRRRRRRRRL,LLLLLLLLLLLLLL,14.0,0.0
One-pronged,1.8218343434343434,right-middle,LLLLLLLLLLLLLLL,RRRRRRRRRRRRRRR,15.0,0.0
One-pronged,1.8355393939393938,left-middle-right-middle#2,LRRLRLRRLLRRLLRRLRLLLRRRLL,LLRRLRLRRLLRRLLRRLRLLLRRRLL,1.0,0.9629629629629629
One-pronged,1.8355393939393938,left-middle-right-middle,RLLRLRLRLLRLRLLR,LLRRLRLRLRRLRLRRL,5.0,0.7058823529411765
One-pronged,1.8355393939393938,left-middle-right-steph,LLRLLLLRLLRRLL,RRLLRLRRLRRLLRR,6.0,0.6
One-pronged,1.8355393939393938,left-middle-right-steph2,LLRRLRLRLLRRLRL,RRRLLRLRLRRLLRLR,6.0,0.625
One-pronged,1.8355393939393938,left-middle,RRRRRRRRRRRRRRL,LLLLLLLLLLLLLL,14.0,0.0
One-pronged,1.8355393939393938,right-middle,LLLLLLLLLLLLLL,RRRRRRRRRRRRRRR,15.0,0.0
One-pronged,1.8492444444444445,left-middle-right-middle#2,LRRLRLRRLLRRLLRRRRLLLRRRLL,LLRRLRLRRLLRRLLRRLRLLLRRRLL,2.0,0.9259259259259259
One-pronged,1.8492444444444445,left-middle-right-middle,RLLRLRLRLLRLRLLRL,LLRRLRLRLRRLRLRRL,4.0,0.7647058823529411
One-pronged,1.8492444444444445,left-middle-right-steph,LLRLLLLRLLRRLL,RRLLRLRRLRRLLRR,6.0,0.6
One-pronged,1.8492444444444445,left-middle-right-steph2,LLRRLRLRLLRRLRL,RRRLLRLRLRRLLRLR,6.0,0.625
One-pronged,1.8492444444444445,left-middle,RRRRRRRRRRRRRRL,LLLLLLLLLLLLLL,14.0,0.0
One-pronged,1.8492444444444445,right-middle,LLLLLLLLLLLLLLL,RRRRRRRRRRRRRRR,15.0,0.0
One-pronged,1.862949494949495,left-middle-right-middle#2,LRRLRLRRLLRRLLRRLRLLLRRRLL,LLRRLRLRRLLRRLLRRLRLLLRRRLL,1.0,0.9629629629629629
One-pronged,1.862949494949495,left-middle-right-middle,RLLRLRLRLLRLRLLR,LLRRLRLRLRRLRLRRL,5.0,0.7058823529411765
One-pronged,1.862949494949495,left-middle-right-steph,LLRLLLLRLLRRLL,RRLLRLRRLRRLLRR,6.0,0.6
One-pronged,1.862949494949495,left-middle-right-steph2,LLRRLRLRLLRRLRL,RRRLLRLRLRRLLRLR,6.0,0.625
One-pronged,1.862949494949495,left-middle,RRRRRRRRRRRRRRL,LLLLLLLLLLLLLL,14.0,0.0
One-pronged,1.862949494949495,right-middle,LLLLLLLLLLLLLL,RRRRRRRRRRRRRRR,15.0,0.0
One-pronged,1.8766545454545454,left-middle-right-middle#2,LRRLRLRRLLRRLLRRLRLLLRRRLL,LLRRLRLRRLLRRLLRRLRLLLRRRLL,1.0,0.9629629629629629
One-pronged,1.8766545454545454,left-middle-right-middle,RLLRLRLRLLRLRLLR,LLRRLRLRLRRLRLRRL,5.0,0.7058823529411765
One-pronged,1.8766545454545454,left-middle-right-steph,LLRLLLLRLLRRLL,RRLLRLRRLRRLLRR,6.0,0.6
One-pronged,1.8766545454545454,left-middle-right-steph2,LLRRLRLRLLRRLRL,RRRLLRLRLRRLLRLR,6.0,0.625
One-pronged,1.8766545454545454,left-middle,RRRRRRRRRRRRRRL,LLLLLLLLLLLLLL,14.0,0.0
One-pronged,1.8766545454545454,right-middle,LLLLLLLLLLLLLL,RRRRRRRRRRRRRRR,15.0,0.0
One-pronged,1.890359595959596,left-middle-right-middle#2,LRRLRLRRLLRRLLRRLRLLLRRLLL,LLRRLRLRRLLRRLLRRLRLLLRRRLL,2.0,0.9259259259259259
One-pronged,1.890359595959596,left-middle-right-middle,RLLRLRLRLLRLRLLR,LLRRLRLRLRRLRLRRL,5.0,0.7058823529411765
One-pronged,1.890359595959596,left-middle-right-steph,LLRLLLLRLLRRLL,RRLLRLRRLRRLLRR,6.0,0.6
One-pronged,1.890359595959596,left-middle-right-steph2,LLRRLRLRLLRRLRL,RRRLLRLRLRRLLRLR,6.0,0.625
One-pronged,1.890359595959596,left-middle,RRRRRRRRRRRRRRL,LLLLLLLLLLLLLL,14.0,0.0
One-pronged,1.890359595959596,right-middle,LLLLLLLLLLLLLL,RRRRRRRRRRRRRRR,15.0,0.0
One-pronged,1.9040646464646465,left-middle-right-middle#2,LRRLRLRRLLRRLLRRLRLLLRRRLL,LLRRLRLRRLLRRLLRRLRLLLRRRLL,1.0,0.9629629629629629
One-pronged,1.9040646464646465,left-middle-right-middle,RLLRLRLRLLRLRLLR,LLRRLRLRLRRLRLRRL,5.0,0.7058823529411765
One-pronged,1.9040646464646465,left-middle-right-steph,LLRLLLLRLLRRLL,RRLLRLRRLRRLLRR,6.0,0.6
One-pronged,1.9040646464646465,left-middle-right-steph2,LLRRLRLRLLRRLRL,RRRLLRLRLRRLLRLR,6.0,0.625
One-pronged,1.9040646464646465,left-middle,RRRRRRRRRRRRRRL,LLLLLLLLLLLLLL,14.0,0.0
One-pronged,1.9040646464646465,right-middle,LLLLLLLLLLLLLLL,RRRRRRRRRRRRRRR,15.0,0.0
One-pronged,1.917769696969697,left-middle-right-middle#2,LRRLRLRRLLRRLLRRLRLLLRRRLL,LLRRLRLRRLLRRLLRRLRLLLRRRLL,1.0,0.9629629629629629
One-pronged,1.917769696969697,left-middle-right-middle,RLLRLRLRLLRLRLLR,LLRRLRLRLRRLRLRRL,5.0,0.7058823529411765
One-pronged,1.917769696969697,left-middle-right-steph,LLRLLLLRLLRRLL,RRLLRLRRLRRLLRR,6.0,0.6
One-pronged,1.917769696969697,left-middle-right-steph2,LLRRLRLRLLRRLRL,RRRLLRLRLRRLLRLR,6.0,0.625
One-pronged,1.917769696969697,left-middle,RRRRRRRRRRRRRRL,LLLLLLLLLLLLLL,14.0,0.0
One-pronged,1.917769696969697,right-middle,LLLLLLLLLLLLLL,RRRRRRRRRRRRRRR,15.0,0.0
One-pronged,1.9314747474747473,left-middle-right-middle#2,LRRLRLRRLLRRLLRRLRLLLRRLLL,LLRRLRLRRLLRRLLRRLRLLLRRRLL,2.0,0.9259259259259259
One-pronged,1.9314747474747473,left-middle-right-middle,RLLRLRLRLLRLRLLR,LLRRLRLRLRRLRLRRL,5.0,0.7058823529411765
One-pronged,1.9314747474747473,left-middle-right-steph,LLRLLLLRLLRRLL,RRLLRLRRLRRLLRR,6.0,0.6
One-pronged,1.9314747474747473,left-middle-right-steph2,LLRRLRLRLLRRLRL,RRRLLRLRLRRLLRLR,6.0,0.625
One-pronged,1.9314747474747473,left-middle,RRRRRRRRRRRRRRL,LLLLLLLLLLLLLL,14.0,0.0
One-pronged,1.9314747474747473,right-middle,LLLLLLLLLLLLLLL,RRRRRRRRRRRRRRR,15.0,0.0
One-pronged,1.945179797979798,left-middle-right-middle#2,LRRLRLRRLLRRLLRRLRLLLRRLLL,LLRRLRLRRLLRRLLRRLRLLLRRRLL,2.0,0.9259259259259259
One-pronged,1.945179797979798,left-middle-right-middle,RLLRLRLRLLRLRLLRL,LLRRLRLRLRRLRLRRL,4.0,0.7647058823529411
One-pronged,1.945179797979798,left-middle-right-steph,LLRLLLLRLLRRLL,RRLLRLRRLRRLLRR,6.0,0.6
One-pronged,1.945179797979798,left-middle-right-steph2,LLRRLRLRLLRRLRL,RRRLLRLRLRRLLRLR,6.0,0.625
One-pronged,1.945179797979798,left-middle,RRRRRRRRRRRRRRL,LLLLLLLLLLLLLL,14.0,0.0
One-pronged,1.945179797979798,right-middle,LLLLLLLLLLLLLLL,RRRRRRRRRRRRRRR,15.0,0.0
One-pronged,1.9588848484848485,left-middle-right-middle#2,LRRLRLRRLLRRLLRRLRLLLRRLLL,LLRRLRLRRLLRRLLRRLRLLLRRRLL,2.0,0.9259259259259259
One-pronged,1.9588848484848485,left-middle-right-middle,RLLRLRLRLLRLRLLR,LLRRLRLRLRRLRLRRL,5.0,0.7058823529411765
One-pronged,1.9588848484848485,left-middle-right-steph,LLRLLLLRLLRRLL,RRLLRLRRLRRLLRR,6.0,0.6
One-pronged,1.9588848484848485,left-middle-right-steph2,LLRRLRLRLLRRLRL,RRRLLRLRLRRLLRLR,6.0,0.625
One-pronged,1.9588848484848485,left-middle,RRRRRRRRRRRRRRL,LLLLLLLLLLLLLL,14.0,0.0
One-pronged,1.9588848484848485,right-middle,LLLLLLLLLLLLLLL,RRRRRRRRRRRRRRR,15.0,0.0
One-pronged,1.972589898989899,left-middle-right-middle#2,LRRLRLRRLLRRLLRRLRLLLRRRLL,LLRRLRLRRLLRRLLRRLRLLLRRRLL,1.0,0.9629629629629629
One-pronged,1.972589898989899,left-middle-right-middle,RLLRLRLRLLRLRLLRL,LLRRLRLRLRRLRLRRL,4.0,0.7647058823529411
One-pronged,1.972589898989899,left-middle-right-steph,LLRLLLLRLLRRLL,RRLLRLRRLRRLLRR,6.0,0.6
One-pronged,1.972589898989899,left-middle-right-steph2,LLRRLRLRLLRRLRL,RRRLLRLRLRRLLRLR,6.0,0.625
One-pronged,1.972589898989899,left-middle,RRRRRRRRRRRRRRL,LLLLLLLLLLLLLL,14.0,0.0
One-pronged,1.972589898989899,right-middle,LLLLLLLLLLLLLLL,RRRRRRRRRRRRRRR,15.0,0.0
One-pronged,1.9862949494949496,left-middle-right-middle#2,LRRLRLRRLRRRLLRRRRLLLRRLLL,LLRRLRLRRLLRRLLRRLRLLLRRRLL,4.0,0.8518518518518519
One-pronged,1.9862949494949496,left-middle-right-middle,RLLRLRLRLLRLRLLR,LLRRLRLRLRRLRLRRL,5.0,0.7058823529411765
One-pronged,1.9862949494949496,left-middle-right-steph,LLRLLLLRLLRRLL,RRLLRLRRLRRLLRR,6.0,0.6
One-pronged,1.9862949494949496,left-middle-right-steph2,LLRRLRLRLLRRLRL,RRRLLRLRLRRLLRLR,6.0,0.625
One-pronged,1.9862949494949496,left-middle,RRRRRRRRRRRRRRL,LLLLLLLLLLLLLL,14.0,0.0
One-pronged,1.9862949494949496,right-middle,LLLLLLLLLLLLLLL,RRRRRRRRRRRRRRR,15.0,0.0
One-pronged,2.0,left-middle-right-middle#2,LRRLRLRRLLRRLLRRLRLLLRRRLL,LLRRLRLRRLLRRLLRRLRLLLRRRLL,1.0,0.9629629629629629
One-pronged,2.0,left-middle-right-middle,RLLRLRLRLLRLRLLR,LLRRLRLRLRRLRLRRL,5.0,0.7058823529411765
One-pronged,2.0,left-middle-right-steph,LLRLLLLRLLRRLL,RRLLRLRRLRRLLRR,6.0,0.6
One-pronged,2.0,left-middle-right-steph2,LLRRLRLRLLRRLRL,RRRLLRLRLRRLLRLR,6.0,0.625
One-pronged,2.0,left-middle,RRRRRRRRRRRRRRL,LLLLLLLLLLLLLL,14.0,0.0
One-pronged,2.0,right-middle,LLLLLLLLLLLLLLL,RRRRRRRRRRRRRRR,15.0,0.0
Three-pronged,0.6433,left-middle-right-middle#2,__________________________,LLRRLRLRRLLRRLLRRLRLLLRRRLL,27.0,0.0
Three-pronged,0.6433,left-middle-right-middle,_________________,LLRRLRLRLRRLRLRRL,17.0,0.0
Three-pronged,0.6433,left-middle-right-steph,_____________,RRLLRLRRLRRLLRR,15.0,0.0
Three-pronged,0.6433,left-middle-right-steph2,________________,RRRLLRLRLRRLLRLR,16.0,0.0
Three-pronged,0.6433,left-middle,_______________,LLLLLLLLLLLLLL,15.0,0.07142857142857142
Three-pronged,0.6433,right-middle,______________,RRRRRRRRRRRRRRR,15.0,0.0
Three-pronged,0.6569050505050504,left-middle-right-middle#2,__________________________,LLRRLRLRRLLRRLLRRLRLLLRRRLL,27.0,0.0
Three-pronged,0.6569050505050504,left-middle-right-middle,_________________,LLRRLRLRLRRLRLRRL,17.0,0.0
Three-pronged,0.6569050505050504,left-middle-right-steph,_____________,RRLLRLRRLRRLLRR,15.0,0.0
Three-pronged,0.6569050505050504,left-middle-right-steph2,________________,RRRLLRLRLRRLLRLR,16.0,0.0
Three-pronged,0.6569050505050504,left-middle,_______________,LLLLLLLLLLLLLL,15.0,0.07142857142857142
Three-pronged,0.6569050505050504,right-middle,______________,RRRRRRRRRRRRRRR,15.0,0.0
Three-pronged,0.6706101010101011,left-middle-right-middle#2,__________________________,LLRRLRLRRLLRRLLRRLRLLLRRRLL,27.0,0.0
Three-pronged,0.6706101010101011,left-middle-right-middle,_________________,LLRRLRLRLRRLRLRRL,17.0,0.0
Three-pronged,0.6706101010101011,left-middle-right-steph,_____________,RRLLRLRRLRRLLRR,15.0,0.0
Three-pronged,0.6706101010101011,left-middle-right-steph2,________________,RRRLLRLRLRRLLRLR,16.0,0.0
Three-pronged,0.6706101010101011,left-middle,____L__________,LLLLLLLLLLLLLL,14.0,0.0
Three-pronged,0.6706101010101011,right-middle,______________,RRRRRRRRRRRRRRR,15.0,0.0
Three-pronged,0.6843151515151515,left-middle-right-middle#2,__________________________,LLRRLRLRRLLRRLLRRLRLLLRRRLL,27.0,0.0
Three-pronged,0.6843151515151515,left-middle-right-middle,_________________,LLRRLRLRLRRLRLRRL,17.0,0.0
Three-pronged,0.6843151515151515,left-middle-right-steph,_____________,RRLLRLRRLRRLLRR,15.0,0.0
Three-pronged,0.6843151515151515,left-middle-right-steph2,________________,RRRLLRLRLRRLLRLR,16.0,0.0
Three-pronged,0.6843151515151515,left-middle,_______________,LLLLLLLLLLLLLL,15.0,0.07142857142857142
Three-pronged,0.6843151515151515,right-middle,______________,RRRRRRRRRRRRRRR,15.0,0.0
Three-pronged,0.698020202020202,left-middle-right-middle#2,__________________________,LLRRLRLRRLLRRLLRRLRLLLRRRLL,27.0,0.0
Three-pronged,0.698020202020202,left-middle-right-middle,_________________,LLRRLRLRLRRLRLRRL,17.0,0.0
Three-pronged,0.698020202020202,left-middle-right-steph,_____________,RRLLRLRRLRRLLRR,15.0,0.0
Three-pronged,0.698020202020202,left-middle-right-steph2,________________,RRRLLRLRLRRLLRLR,16.0,0.0
Three-pronged,0.698020202020202,left-middle,____L__________,LLLLLLLLLLLLLL,14.0,0.0
Three-pronged,0.698020202020202,right-middle,______________,RRRRRRRRRRRRRRR,15.0,0.0
Three-pronged,0.7117252525252524,left-middle-right-middle#2,__________________________,LLRRLRLRRLLRRLLRRLRLLLRRRLL,27.0,0.0
Three-pronged,0.7117252525252524,left-middle-right-middle,_________________,LLRRLRLRLRRLRLRRL,17.0,0.0
Three-pronged,0.7117252525252524,left-middle-right-steph,_____________,RRLLRLRRLRRLLRR,15.0,0.0
Three-pronged,0.7117252525252524,left-middle-right-steph2,________________,RRRLLRLRLRRLLRLR,16.0,0.0
Three-pronged,0.7117252525252524,left-middle,_______________,LLLLLLLLLLLLLL,15.0,0.07142857142857142
Three-pronged,0.7117252525252524,right-middle,______________,RRRRRRRRRRRRRRR,15.0,0.0
Three-pronged,0.7254303030303031,left-middle-right-middle#2,__________________________,LLRRLRLRRLLRRLLRRLRLLLRRRLL,27.0,0.0
Three-pronged,0.7254303030303031,left-middle-right-middle,_________________,LLRRLRLRLRRLRLRRL,17.0,0.0
Three-pronged,0.7254303030303031,left-middle-right-steph,_____________,RRLLRLRRLRRLLRR,15.0,0.0
Three-pronged,0.7254303030303031,left-middle-right-steph2,________________,RRRLLRLRLRRLLRLR,16.0,0.0
Three-pronged,0.7254303030303031,left-middle,____L__________,LLLLLLLLLLLLLL,14.0,0.0
Three-pronged,0.7254303030303031,right-middle,______________,RRRRRRRRRRRRRRR,15.0,0.0
Three-pronged,0.7391353535353535,left-middle-right-middle#2,__________________________,LLRRLRLRRLLRRLLRRLRLLLRRRLL,27.0,0.0
Three-pronged,0.7391353535353535,left-middle-right-middle,_________________,LLRRLRLRLRRLRLRRL,17.0,0.0
Three-pronged,0.7391353535353535,left-middle-right-steph,_____________,RRLLRLRRLRRLLRR,15.0,0.0
Three-pronged,0.7391353535353535,left-middle-right-steph2,________________,RRRLLRLRLRRLLRLR,16.0,0.0
Three-pronged,0.7391353535353535,left-middle,_______________,LLLLLLLLLLLLLL,15.0,0.07142857142857142
Three-pronged,0.7391353535353535,right-middle,______________,RRRRRRRRRRRRRRR,15.0,0.0
Three-pronged,0.752840404040404,left-middle-right-middle#2,__________________________,LLRRLRLRRLLRRLLRRLRLLLRRRLL,27.0,0.0
Three-pronged,0.752840404040404,left-middle-right-middle,_________________,LLRRLRLRLRRLRLRRL,17.0,0.0
Three-pronged,0.752840404040404,left-middle-right-steph,_____________,RRLLRLRRLRRLLRR,15.0,0.0
Three-pronged,0.752840404040404,left-middle-right-steph2,________________,RRRLLRLRLRRLLRLR,16.0,0.0
Three-pronged,0.752840404040404,left-middle,____L__________,LLLLLLLLLLLLLL,14.0,0.0
Three-pronged,0.752840404040404,right-middle,______________,RRRRRRRRRRRRRRR,15.0,0.0
Three-pronged,0.7665454545454546,left-middle-right-middle#2,__________________________,LLRRLRLRRLLRRLLRRLRLLLRRRLL,27.0,0.0
Three-pronged,0.7665454545454546,left-middle-right-middle,_________________,LLRRLRLRLRRLRLRRL,17.0,0.0
Three-pronged,0.7665454545454546,left-middle-right-steph,_____________,RRLLRLRRLRRLLRR,15.0,0.0
Three-pronged,0.7665454545454546,left-middle-right-steph2,________________,RRRLLRLRLRRLLRLR,16.0,0.0
Three-pronged,0.7665454545454546,left-middle,____L__________,LLLLLLLLLLLLLL,14.0,0.0
Three-pronged,0.7665454545454546,right-middle,______________,RRRRRRRRRRRRRRR,15.0,0.0
Three-pronged,0.7802505050505051,left-middle-right-middle#2,__________________________,LLRRLRLRRLLRRLLRRLRLLLRRRLL,27.0,0.0
Three-pronged,0.7802505050505051,left-middle-right-middle,______________R__,LLRRLRLRLRRLRLRRL,16.0,0.058823529411764705
Three-pronged,0.7802505050505051,left-middle-right-steph,_____________,RRLLRLRRLRRLLRR,15.0,0.0
Three-pronged,0.7802505050505051,left-middle-right-steph2,________________,RRRLLRLRLRRLLRLR,16.0,0.0
Three-pronged,0.7802505050505051,left-middle,____L__________,LLLLLLLLLLLLLL,14.0,0.0
Three-pronged,0.7802505050505051,right-middle,______________,RRRRRRRRRRRRRRR,15.0,0.0
Three-pronged,0.7939555555555555,left-middle-right-middle#2,__________________________,LLRRLRLRRLLRRLLRRLRLLLRRRLL,27.0,0.0
Three-pronged,0.7939555555555555,left-middle-right-middle,_________________,LLRRLRLRLRRLRLRRL,17.0,0.0
Three-pronged,0.7939555555555555,left-middle-right-steph,_____________,RRLLRLRRLRRLLRR,15.0,0.0
Three-pronged,0.7939555555555555,left-middle-right-steph2,________________,RRRLLRLRLRRLLRLR,16.0,0.0
Three-pronged,0.7939555555555555,left-middle,_______________,LLLLLLLLLLLLLL,15.0,0.07142857142857142
Three-pronged,0.7939555555555555,right-middle,______________,RRRRRRRRRRRRRRR,15.0,0.0
Three-pronged,0.807660606060606,left-middle-right-middle#2,_______________L__________,LLRRLRLRRLLRRLLRRLRLLLRRRLL,27.0,0.0
Three-pronged,0.807660606060606,left-middle-right-middle,____R____R_R__R__,LLRRLRLRLRRLRLRRL,14.0,0.17647058823529413
Three-pronged,0.807660606060606,left-middle-right-steph,_____________,RRLLRLRRLRRLLRR,15.0,0.0
Three-pronged,0.807660606060606,left-middle-right-steph2,______R_________,RRRLLRLRLRRLLRLR,16.0,0.0
Three-pronged,0.807660606060606,left-middle,_______________,LLLLLLLLLLLLLL,15.0,0.07142857142857142
Three-pronged,0.807660606060606,right-middle,______________,RRRRRRRRRRRRRRR,15.0,0.0
Three-pronged,0.8213656565656566,left-middle-right-middle#2,__________________________,LLRRLRLRRLLRRLLRRLRLLLRRRLL,27.0,0.0
Three-pronged,0.8213656565656566,left-middle-right-middle,_________R____R__,LLRRLRLRLRRLRLRRL,15.0,0.11764705882352941
Three-pronged,0.8213656565656566,left-middle-right-steph,_____________,RRLLRLRRLRRLLRR,15.0,0.0
Three-pronged,0.8213656565656566,left-middle-right-steph2,________________,RRRLLRLRLRRLLRLR,16.0,0.0
Three-pronged,0.8213656565656566,left-middle,_______________,LLLLLLLLLLLLLL,15.0,0.07142857142857142
Three-pronged,0.8213656565656566,right-middle,______________,RRRRRRRRRRRRRRR,15.0,0.0
Three-pronged,0.8350707070707071,left-middle-right-middle#2,_______________L__________,LLRRLRLRRLLRRLLRRLRLLLRRRLL,27.0,0.0
Three-pronged,0.8350707070707071,left-middle-right-middle,___LR____R___RR__,LLRRLRLRLRRLRLRRL,13.0,0.23529411764705882
Three-pronged,0.8350707070707071,left-middle-right-steph,_____________,RRLLRLRRLRRLLRR,15.0,0.0
Three-pronged,0.8350707070707071,left-middle-right-steph2,______R_________,RRRLLRLRLRRLLRLR,16.0,0.0
Three-pronged,0.8350707070707071,left-middle,____L__________,LLLLLLLLLLLLLL,14.0,0.0
Three-pronged,0.8350707070707071,right-middle,______________,RRRRRRRRRRRRRRR,15.0,0.0
Three-pronged,0.8487757575757575,left-middle-right-middle#2,___________L___L__________,LLRRLRLRRLLRRLLRRLRLLLRRRLL,26.0,0.037037037037037035
Three-pronged,0.8487757575757575,left-middle-right-middle,____R_________R__,LLRRLRLRLRRLRLRRL,16.0,0.058823529411764705
Three-pronged,0.8487757575757575,left-middle-right-steph,_____________,RRLLRLRRLRRLLRR,15.0,0.0
Three-pronged,0.8487757575757575,left-middle-right-steph2,________________,RRRLLRLRLRRLLRLR,16.0,0.0
Three-pronged,0.8487757575757575,left-middle,____L__________,LLLLLLLLLLLLLL,14.0,0.0
Three-pronged,0.8487757575757575,right-middle,______________,RRRRRRRRRRRRRRR,15.0,0.0
Three-pronged,0.862480808080808,left-middle-right-middle#2,___________L___L__________,LLRRLRLRRLLRRLLRRLRLLLRRRLL,26.0,0.037037037037037035
Three-pronged,0.862480808080808,left-middle-right-middle,_R__R________RR__,LLRRLRLRLRRLRLRRL,14.0,0.17647058823529413
Three-pronged,0.862480808080808,left-middle-right-steph,_____________,RRLLRLRRLRRLLRR,15.0,0.0
Three-pronged,0.862480808080808,left-middle-right-steph2,______R_________,RRRLLRLRLRRLLRLR,16.0,0.0
Three-pronged,0.862480808080808,left-middle,____L__________,LLLLLLLLLLLLLL,14.0,0.0
Three-pronged,0.862480808080808,right-middle,______________,RRRRRRRRRRRRRRR,15.0,0.0
Three-pronged,0.8761858585858586,left-middle-right-middle#2,___R_______L_R_L____RL_L__,LLRRLRLRRLLRRLLRRLRLLLRRRLL,22.0,0.18518518518518517
Three-pronged,0.8761858585858586,left-middle-right-middle,_R_LRL______L__L_,LLRRLRLRLRRLRLRRL,12.0,0.29411764705882354
Three-pronged,0.8761858585858586,left-middle-right-steph,_____________,RRLLRLRRLRRLLRR,15.0,0.0
Three-pronged,0.8761858585858586,left-middle-right-steph2,________________,RRRLLRLRLRRLLRLR,16.0,0.0
Three-pronged,0.8761858585858586,left-middle,_______________,LLLLLLLLLLLLLL,15.0,0.07142857142857142
Three-pronged,0.8761858585858586,right-middle,______________,RRRRRRRRRRRRRRR,15.0,0.0
Three-pronged,0.8898909090909091,left-middle-right-middle#2,___RL________R_L_L________,LLRRLRLRRLLRRLLRRLRLLLRRRLL,23.0,0.14814814814814814
Three-pronged,0.8898909090909091,left-middle-right-middle,_R_LR____R_R_RR__,LLRRLRLRLRRLRLRRL,11.0,0.35294117647058826
Three-pronged,0.8898909090909091,left-middle-right-steph,_____________,RRLLRLRRLRRLLRR,15.0,0.0
Three-pronged,0.8898909090909091,left-middle-right-steph2,______R_________,RRRLLRLRLRRLLRLR,16.0,0.0
Three-pronged,0.8898909090909091,left-middle,____R__________,LLLLLLLLLLLLLL,15.0,0.07142857142857142
Three-pronged,0.8898909090909091,right-middle,______________,RRRRRRRRRRRRRRR,15.0,0.0
Three-pronged,0.9035959595959595,left-middle-right-middle#2,___RL______L___L_L___L____,LLRRLRLRRLLRRLLRRLRLLLRRRLL,22.0,0.18518518518518517
Three-pronged,0.9035959595959595,left-middle-right-middle,_R_LRL___R_R_RR__,LLRRLRLRLRRLRLRRL,10.0,0.4117647058823529
Three-pronged,0.9035959595959595,left-middle-right-steph,_____________,RRLLRLRRLRRLLRR,15.0,0.0
Three-pronged,0.9035959595959595,left-middle-right-steph2,______R_________,RRRLLRLRLRRLLRLR,16.0,0.0
Three-pronged,0.9035959595959595,left-middle,____R__________,LLLLLLLLLLLLLL,15.0,0.07142857142857142
Three-pronged,0.9035959595959595,right-middle,______________,RRRRRRRRRRRRRRR,15.0,0.0
Three-pronged,0.9173010101010102,left-middle-right-middle#2,_L_RL______L_R___L___L____,LLRRLRLRRLLRRLLRRLRLLLRRRLL,21.0,0.2222222222222222
Three-pronged,0.9173010101010102,left-middle-right-middle,_R_LRL___R_RLRRL_,LLRRLRLRLRRLRLRRL,8.0,0.5294117647058824
Three-pronged,0.9173010101010102,left-middle-right-steph,_____________,RRLLRLRRLRRLLRR,15.0,0.0
Three-pronged,0.9173010101010102,left-middle-right-steph2,______R_________,RRRLLRLRLRRLLRLR,16.0,0.0
Three-pronged,0.9173010101010102,left-middle,__L_L__________,LLLLLLLLLLLLLL,13.0,0.07142857142857142
Three-pronged,0.9173010101010102,right-middle,______________,RRRRRRRRRRRRRRR,15.0,0.0
Three-pronged,0.9310060606060606,left-middle-right-middle#2,_L_RL______L_R_L_L__RL____,LLRRLRLRRLLRRLLRRLRLLLRRRLL,20.0,0.25925925925925924
Three-pronged,0.9310060606060606,left-middle-right-middle,_R_LRL___R_R_RR__,LLRRLRLRLRRLRLRRL,10.0,0.4117647058823529
One-pronged,0.6433,left-middle-right-middle#2,LRRLRLRRLLRRLLRRLRLLLRRRLL,LLRRLRLRRLLRRLLRRLRLLLRRRLL,1.0,0.9629629629629629
One-pronged,0.6433,left-middle-right-middle,RLL_LRLRLLRLRLLRL,LLRRLRLRLRRLRLRRL,5.0,0.7058823529411765
One-pronged,0.6433,left-middle-right-steph,LLLLRRRLLRRLR,RRLLRLRRLRRLLRR,6.0,0.6
One-pronged,0.6433,left-middle-right-steph2,LLLRRRLLLRRLLLLL,RRRLLRLRLRRLLRLR,8.0,0.5
One-pronged,0.6433,left-middle,RRRRLRRRRRRRRRR,LLLLLLLLLLLLLL,14.0,0.0
One-pronged,0.6433,right-middle,LRRLRLRLRLLRLR,RRRRRRRRRRRRRRR,8.0,0.4666666666666667
One-pronged,0.6569050505050504,left-middle-right-middle#2,LRRLRLRRLLRRLLRRLRLLLRRRLL,LLRRLRLRRLLRRLLRRLRLLLRRRLL,1.0,0.9629629629629629
One-pronged,0.6569050505050504,left-middle-right-middle,RLLRLRLRLLRLRLLRL,LLRRLRLRLRRLRLRRL,4.0,0.7647058823529411
